index,peoplepower21_url,name,experience,블로그,트위터,페이스북,party,소속위원회,지역,성별,대수,당선횟수,당선방법,MEMBER_NO
강기윤+국민의힘,https://watch.peoplepower21.org/?mid=Member&member_seq=775,강기윤,"19대 국회의원,미래통합당 경남도당 민생위원회 위원장",https://blog.naver.com/ggotop,Kangkiyoun,https://www.facebook.com/ggotop,국민의힘,보건복지위원회,경남 창원시성산구,남,제21대,재선,지역구,2100000000001
강대식+국민의힘,https://watch.peoplepower21.org/?mid=Member&member_seq=1070,강대식,"동구청장,6대 동구의회(후반기)의장",https://blog.naver.com/mpnib2018,,https://www.facebook.com/kangds88,국민의힘,국방위원회,대구 동구을,남,제21대,초선,지역구,2100000000002
강득구+더불어민주당,https://watch.peoplepower21.org/?mid=Member&member_seq=1099,강득구,"경기도연정부지사,경기도의회 의장",https://blog.naver.com/dulipapa,deukgu_kang,https://www.facebook.com/dulipapa2,더불어민주당,교육위원회,경기 안양시만안구,남,제21대,초선,지역구,2100000000003
강민국+국민의힘,https://watch.peoplepower21.org/?mid=Member&member_seq=1146,강민국,"경상남도 정무보좌역,제10·11대 경상남도의회의원",,Kor_minkuk,https://www.facebook.com/minkukkang,국민의힘,정무위원회,경남 진주시을,남,제21대,초선,지역구,2100000000004
강병원+더불어민주당,https://watch.peoplepower21.org/?mid=Member&member_seq=889,강병원,"더불어민주당 서울은평구을 국회의원,서울대학교 총학생회장",http://blog.naver.com/kangbw89,kbw89,https://www.facebook.com/kbw89,더불어민주당,보건복지위원회,서울 은평구을,남,제21대,재선,지역구,2100000000006
강선우+더불어민주당,https://watch.peoplepower21.org/?mid=Member&member_seq=1050,강선우,"미국 사우스다코타주립대 교수,더불어민주당 상근부대변인",http://blog.naver.com/gangseo-kap,kangsunwoo_tv,https://www.facebook.com/kangsunwooo,더불어민주당,보건복지위원회,서울 강서구갑,여,제21대,초선,지역구,2100000000007
강준현+더불어민주당,https://watch.peoplepower21.org/?mid=Member&member_seq=1093,강준현,"더불어민주당 정책위 부의장,세종특별자치시 3대 정무부시장",https://blog.naver.com/withusone2020,,https://www.facebook.com/junhyeon.gang,더불어민주당,국토교통위원회,세종특별자치시을,남,제21대,초선,지역구,2100000000009
강훈식+더불어민주당,https://watch.peoplepower21.org/?mid=Member&member_seq=1005,강훈식,"제20대 국회의원,더불어민주당 수석대변인",http://blog.naver.com/kanghunsik,Tigerhoony,https://www.facebook.com/gohoonsik,더불어민주당,산업통상자원중소벤처기업위원회,충남 아산시을,남,제21대,재선,지역구,2100000000010
고민정+더불어민주당,https://watch.peoplepower21.org/?mid=Member&member_seq=1044,고민정,"문재인 정부 청와대 대변인,KBS 아나운서",https://blog.naver.com/kominjung21,minjung_dal,https://www.facebook.com/minjung.ko.184,더불어민주당,보건복지위원회,서울 광진구을,여,제21대,초선,지역구,2100000000011
고영인+더불어민주당,https://watch.peoplepower21.org/?mid=Member&member_seq=1105,고영인,"더불어민주당 안산단원갑 지역위원장,신안산대학교 산업경영과 초빙교수",https://blog.naver.com/kyi4853,,https://www.facebook.com/koyoungin4853,더불어민주당,보건복지위원회,경기 안산시단원구갑,남,제21대,초선,지역구,2100000000012
고용진+더불어민주당,https://watch.peoplepower21.org/?mid=Member&member_seq=887,고용진,"노무현대통령 비서실 행정관,노원갑 국회의원",http://blog.naver.com/kohyj64,yongjin_koh,https://www.facebook.com/yongjin.koh,더불어민주당,기획재정위원회,서울 노원구갑,남,제21대,재선,지역구,2100000000013
구자근+국민의힘,https://watch.peoplepower21.org/?mid=Member&member_seq=1140,구자근,"前 (주)태웅 사장/CEO,제9·10대 경상북도의회 의원",https://blog.naver.com/can929292,,https://www.facebook.com/can929292,국민의힘,산업통상자원중소벤처기업위원회,경북 구미시갑,남,제21대,초선,지역구,2100000000015
권명호+국민의힘,https://watch.peoplepower21.org/?mid=Member&member_seq=1090,권명호,"제5대 울산광역시의회 후반기부의장,제7대 울산광역시 동구청장",https://blog.naver.com/kmh330575,,https://www.facebook.com/kmh365,국민의힘,산업통상자원중소벤처기업위원회,울산 동구,남,제21대,초선,지역구,2100000000016
권성동+국민의힘,https://watch.peoplepower21.org/?mid=Member&member_seq=684,권성동,"국회법제사법위원장,새누리당 사무총장",http://www.ksdd.net/main/main.php,ksdd22,https://www.facebook.com/ksdd22,국민의힘,법제사법위원회,강원 강릉시,남,제21대,4선,지역구,2100000000017
권영세+국민의힘,https://watch.peoplepower21.org/?mid=Member&member_seq=15,권영세,"주중국대한민국 대사,제16ㆍ17ㆍ18대 국회의원",https://blog.naver.com/yskys2020,yskys2020,https://www.facebook.com/yskys2020,국민의힘,환경노동위원회,서울 용산구,남,제21대,4선,지역구,2100000000018
권칠승+더불어민주당,https://watch.peoplepower21.org/?mid=Member&member_seq=996,권칠승,"노무현 대통령 청와대 행정관,국회의원(화성시병)",http://blog.naver.com/k7wins,k7win_,https://www.facebook.com/k7win,더불어민주당,농림축산식품해양수산위원회,경기 화성시병,남,제21대,재선,지역구,2100000000021
기동민+더불어민주당,https://watch.peoplepower21.org/?mid=Member&member_seq=885,기동민,"더불어민주당 서울 성북을 국회의원,서울시 정무부시장",http://blog.naver.com/gidongmin,,https://www.facebook.com/dongmin.gi,더불어민주당,국방위원회,서울 성북구을,남,제21대,재선,지역구,2100000000022
김경협+더불어민주당,https://watch.peoplepower21.org/?mid=Member&member_seq=786,김경협,"제19, 20대 국회의원,노무현정부 청와대 비서관",http://ggh000.blog.me/,kimghkr,https://www.facebook.com/kimghkr,더불어민주당,외교통일위원회,경기 부천시갑,남,제21대,3선,지역구,2100000000024
김교흥+더불어민주당,https://watch.peoplepower21.org/?mid=Member&member_seq=328,김교흥,"인천광역시 정무부시장,국회사무총장(장관급)",https://blog.naver.com/kimkh4u,kimkyoheung,https://www.facebook.com/kimkyoheung,더불어민주당,국토교통위원회,인천 서구갑,남,제21대,재선,지역구,2100000000025
김기현+국민의힘,https://watch.peoplepower21.org/?mid=Member&member_seq=330,김기현,"제17,18,19대 국회의원,제6대 울산광역시장",https://story.kakao.com/eutface/,,https://www.facebook.com/eutface,국민의힘,외교통일위원회,울산 남구을,남,제21대,4선,지역구,2100000000026
김남국+더불어민주당,https://watch.peoplepower21.org/?mid=Member&member_seq=1106,김남국,"참여연대 민생희망본부 실행위원,더불어민주당 부대변인",https://blog.naver.com/lawmaker12,,https://www.facebook.com/lawmaker2020,더불어민주당,법제사법위원회,경기 안산시단원구을,남,제21대,초선,지역구,2100000000027
김도읍+국민의힘,https://watch.peoplepower21.org/?mid=Member&member_seq=726,김도읍,"국회의원,부산지검 공판부장 외사부장 검사",http://blog.naver.com/ldek3525,ldek3525,https://www.facebook.com/ldek3525,국민의힘,행정안전위원회,부산 북구강서구을,남,제21대,3선,지역구,2100000000028
김두관+더불어민주당,https://watch.peoplepower21.org/?mid=Member&member_seq=995,김두관,"제5대 행정자치부 장관,제20대 국회의원",http://blog.naver.com/kikdok,dookwan,https://www.facebook.com/KimDookwan,더불어민주당,기획재정위원회,경남 양산시을,남,제21대,재선,지역구,2100000000029
김미애+국민의힘,https://watch.peoplepower21.org/?mid=Member&member_seq=1065,김미애,"부산지방변호사회 수석부회장,해운대구청 공직자윤리위원회 위원장",https://blog.naver.com/015law,,https://www.facebook.com/lawyerkimmiae,국민의힘,보건복지위원회,부산 해운대구을,여,제21대,초선,지역구,2100000000030
김민기+더불어민주당,https://watch.peoplepower21.org/?mid=Member&member_seq=800,김민기,"제19·20대 용인시을 국회의원,국회 정보위원장",http://www.kimminki.co.kr/,kimminki84,https://www.facebook.com/kminki84,더불어민주당,국방위원회,경기 용인시을,남,제21대,3선,지역구,2100000000031
김민석+더불어민주당,https://watch.peoplepower21.org/?mid=Member&member_seq=276,김민석,"제19대 문재인 대통령후보 종합상황본부장,제15·16대 국회의원",https://blog.naver.com/newmskim2030,ms2030,https://www.facebook.com/minseok.kim.376043,더불어민주당,보건복지위원회,서울 영등포구을,남,제21대,3선,지역구,2100000000032
김민철+더불어민주당,https://watch.peoplepower21.org/?mid=Member&member_seq=1098,김민철,"노무현정부 청와대행정관,더불어민주당 의정부(을) 지역위원장",https://blog.naver.com/kmc8952,kmc89521,https://www.facebook.com/profile.php?id=100000957036249,더불어민주당,행정안전위원회,경기 의정부시을,남,제21대,초선,지역구,2100000000033
김병기+더불어민주당,https://watch.peoplepower21.org/?mid=Member&member_seq=895,김병기,"국가정보원 25년근무,문재인대통령 국정기획자문위원회 위원,",,thekimweapon,https://www.facebook.com/the.kim.weapon,더불어민주당,국방위원회,서울 동작구갑,남,제21대,재선,지역구,2100000000034
김병욱+더불어민주당,https://watch.peoplepower21.org/?mid=Member&member_seq=984,김병욱,"제20대 국회의원,더불어민주당 정책위 상임부의장",http://blog.naver.com/777byung,777byung1,https://www.facebook.com/777byung,더불어민주당,정무위원회,경기 성남시분당구을,남,제21대,재선,지역구,2100000000035
김상훈+국민의힘,https://watch.peoplepower21.org/?mid=Member&member_seq=732,김상훈,"제20대 국회의원(대구 서구/미래통합당),미래통합당 정책위원회 부의장",http://blog.naver.com/kshdg11,kshdg11,https://www.facebook.com/kshdg11,국민의힘,국토교통위원회,대구 서구,남,제21대,3선,지역구,2100000000038
김상희+더불어민주당,https://watch.peoplepower21.org/?mid=Member&member_seq=552,김상희,"국회의원(제18,19,20대),문재인대통령직속 저출산·고령사회위원회 초대 부위원장",https://blog.naver.com/shk407,SosaKim,https://www.facebook.com/sosakim407,더불어민주당,과학기술정보방송통신위원회,경기 부천시병,여,제21대,4선,지역구,2100000000039
김석기+국민의힘,https://watch.peoplepower21.org/?mid=Member&member_seq=975,김석기,"한국공항공사 사장,서울지방경찰청장",http://blog.naver.com/podoriksk/,,https://www.facebook.com/podoripapa,국민의힘,외교통일위원회,경북 경주시,남,제21대,재선,지역구,2100000000040
김선교+국민의힘,https://watch.peoplepower21.org/?mid=Member&member_seq=1120,김선교,"양평군수 3선,자유한국당 여주시양평군 당원협의회 위원장",https://band.us/@kimsg21,,https://www.facebook.com/sungyo.kim.1,국민의힘,농림축산식품해양수산위원회,경기 여주시양평군,남,제21대,초선,지역구,2100000000041
김성원+국민의힘,https://watch.peoplepower21.org/?mid=Member&member_seq=985,김성원,"국회의장 정무비서관,미래통합당 대변인",http://blog.naver.com/v0413ksw,sungwon3379,https://www.facebook.com/sungwon3379,국민의힘,환경노동위원회,경기 동두천시연천군,남,제21대,재선,지역구,2100000000042
김성주+더불어민주당,https://watch.peoplepower21.org/?mid=Member&member_seq=763,김성주,"국민연금공단 이사장,제19대 국회의원",https://blog.naver.com/ksjwithjj,kimsungju,https://www.facebook.com/kimsungju21,더불어민주당,보건복지위원회,전북 전주시병,남,제21대,재선,지역구,2100000000043
김성환+더불어민주당,https://watch.peoplepower21.org/?mid=Member&member_seq=1026,김성환,"20대 국회의원,민선5기,6기 노원구청장",https://blog.naver.com/human-nowon,no1nowon,https://www.facebook.com/no1nowon,더불어민주당,산업통상자원중소벤처기업위원회,서울 노원구병,남,제21대,재선,지역구,2100000000044
김수흥+더불어민주당,https://watch.peoplepower21.org/?mid=Member&member_seq=1130,김수흥,"국회사무처 사무차장,국회예산결산특별위원회 수석전문위원",,,https://www.facebook.com/profile.php?id=100035522414793,더불어민주당,기획재정위원회,전북 익산시갑,남,제21대,초선,지역구,2100000000045
김승남+더불어민주당,https://watch.peoplepower21.org/?mid=Member&member_seq=768,김승남,"더불어민주당 고흥보성장흥강진 지역위원장,19대 국회의원",https://blog.naver.com/sook21cc,,https://www.facebook.com/profile.php?id=100036724276594,더불어민주당,농림축산식품해양수산위원회,전남 고흥군보성군장흥군강진군,남,제21대,재선,지역구,2100000000046
김승수+국민의힘,https://watch.peoplepower21.org/?mid=Member&member_seq=1072,김승수,"대구광역시 행정부시장,대통령실 기획관리실 선임행정관",https://blog.naver.com/kiminnotank,,https://www.facebook.com/seungsu.kim.946,국민의힘,문화체육관광위원회,대구 북구을,남,제21대,초선,지역구,2100000000047
김승원+더불어민주당,https://watch.peoplepower21.org/?mid=Member&member_seq=1094,김승원,"수원지방법원 판사,문재인대통령 청와대행정관(대통령비서실)",https://blog.naver.com/sw_with_suwon,sw_with_suwon,https://www.facebook.com/telgasem,더불어민주당,문화체육관광위원회,경기 수원시갑,남,제21대,초선,지역구,2100000000048
김영배+더불어민주당,https://watch.peoplepower21.org/?mid=Member&member_seq=1046,김영배,"민선5기, 6기 성북구청장,문재인대통령 청와대비서관(정책조정/민정)",https://blog.naver.com/clubyb,ybkim86,https://www.facebook.com/clubyb,더불어민주당,법제사법위원회,서울 성북구갑,남,제21대,초선,지역구,2100000000049
김영식+국민의힘,https://watch.peoplepower21.org/?mid=Member&member_seq=1141,김영식,"금오공과대학교 총장,창업진흥원 초대 이사장",https://blog.naver.com/yeungshik20,,https://www.facebook.com/yeungshik20,국민의힘,과학기술정보방송통신위원회,경북 구미시을,남,제21대,초선,지역구,2100000000050
김영주+더불어민주당,https://watch.peoplepower21.org/?mid=Member&member_seq=495,김영주,"국회의원,고용노동부 장관,",http://youngjoo.kr/,yjkim550727,https://www.facebook.com/youngjoo2012,더불어민주당,외교통일위원회,서울 영등포구갑,여,제21대,4선,지역구,2100000000051
김영진+더불어민주당,https://watch.peoplepower21.org/?mid=Member&member_seq=982,김영진,"국회의원,더불어민주당 전략기획위원장",http://blog.naver.com/ersd34,minjoop,https://www.facebook.com/yjkimk,더불어민주당,기획재정위원회,경기 수원시병,남,제21대,재선,지역구,2100000000052
김영호+더불어민주당,https://watch.peoplepower21.org/?mid=Member&member_seq=890,김영호,"더불어민주당 서대문구을 국회의원,더불어민주당 원내부대표",http://blog.naver.com/frencisco,minjoo05,https://www.facebook.com/stookim,더불어민주당,외교통일위원회,서울 서대문구을,남,제21대,재선,지역구,2100000000053
김용민+더불어민주당,https://watch.peoplepower21.org/?mid=Member&member_seq=1111,김용민,"법무부 2기 법무검찰개혁위원회 위원,한양대학교 법학전문대학원 겸임교수",https://blog.naver.com/fopeopler,kimyong72790925,https://www.facebook.com/fopeople,더불어민주당,법제사법위원회,경기 남양주시병,남,제21대,초선,지역구,2100000000055
김용판+국민의힘,https://watch.peoplepower21.org/?mid=Member&member_seq=1074,김용판,"서울경찰청장,달서경찰서장",https://blog.naver.com/kyp8969,,https://www.facebook.com/kyp8969,국민의힘,행정안전위원회,대구 달서구병,남,제21대,초선,지역구,2100000000056
김웅+국민의힘,https://watch.peoplepower21.org/?mid=Member&member_seq=1058,김웅,"법무연수원 교수,부장검사",https://blog.naver.com/songpawoong,,https://www.facebook.com/profile.php?id=100047969150597,국민의힘,환경노동위원회,서울 송파구갑,남,제21대,초선,지역구,2100000000057
김원이+더불어민주당,https://watch.peoplepower21.org/?mid=Member&member_seq=1133,김원이,"서울특별시 정무부시장,김대중 대통령 청와대 행정관",https://blog.naver.com/kimwoni8182,,https://www.facebook.com/kimwoni8182,더불어민주당,보건복지위원회,전남 목포시,남,제21대,초선,지역구,2100000000058
김윤덕+더불어민주당,https://watch.peoplepower21.org/?mid=Member&member_seq=761,김윤덕,"문재인대통령후보 전북공동상임선대위원장,제19대 국회의원",https://blog.naver.com/ydkim22,,https://www.facebook.com/ydkim22,더불어민주당,국토교통위원회,전북 전주시갑,남,제21대,재선,지역구,2100000000059
김은혜+국민의힘,https://watch.peoplepower21.org/?mid=Member&member_seq=1096,김은혜,"MBC 뉴스데스크 앵커,청와대 대변인",https://blog.naver.com/eunhye4400,,https://www.facebook.com/kimeunhyecamp,국민의힘,국토교통위원회,경기 성남시분당구갑,여,제21대,초선,지역구,2100000000060
김정재+국민의힘,https://watch.peoplepower21.org/?mid=Member&member_seq=973,김정재,"제20대 국회의원(포항시북구/미래통합당),미래통합당 원내대변인",http://blog.naver.com/lawjj,,https://www.facebook.com/lawjj2016,국민의힘,산업통상자원중소벤처기업위원회,경북 포항시북구,여,제21대,재선,지역구,2100000000061
김정호+더불어민주당,https://watch.peoplepower21.org/?mid=Member&member_seq=1036,김정호,"국회의원,대통령비서실 기록관리비서관",https://blog.naver.com/hangomy,kimjungho3359,https://www.facebook.com/kimjungho3359,더불어민주당,산업통상자원중소벤처기업위원회,경남 김해시을,남,제21대,재선,지역구,2100000000062
김종민+더불어민주당,https://watch.peoplepower21.org/?mid=Member&member_seq=1007,김종민,"청와대 대변인,논산시계룡시금산군 국회의원",http://xn--4k0bm4xbxj.com/,socmind,https://www.facebook.com/socmind,더불어민주당,법제사법위원회,충남 논산시계룡시금산군,남,제21대,재선,지역구,2100000000063
김주영+더불어민주당,https://watch.peoplepower21.org/?mid=Member&member_seq=1117,김주영,"제21대총선 더불어민주당 공동선대위원장,더불어민주당 정책위원회 부의장",https://blog.naver.com/peoplewin60,GimpoLOVE_kjy,https://www.facebook.com/kimjuyoung60,더불어민주당,기획재정위원회,경기 김포시갑,남,제21대,초선,지역구,2100000000064
김진표+더불어민주당,https://watch.peoplepower21.org/?mid=Member&member_seq=354,김진표,"노무현정부 경제부총리,더불어민주당 비상경제대책본부장",https://blog.naver.com/jinpyo311,jinpyokim,https://www.facebook.com/jinpyowa,더불어민주당,국방위원회,경기 수원시무,남,제21대,5선,지역구,2100000000066
김철민+더불어민주당,https://watch.peoplepower21.org/?mid=Member&member_seq=986,김철민,"민선5기 안산시장,제20대 국회의원",http://blog.naver.com/kcm8764,kimcm8764,https://www.facebook.com/kcm8764,더불어민주당,교육위원회,경기 안산시상록구을,남,제21대,재선,지역구,2100000000067
김태년+더불어민주당,https://watch.peoplepower21.org/?mid=Member&member_seq=359,김태년,"제20대 국회의원(3선),더불어민주당 정책위의장",https://blog.naver.com/ktn208,kimtaenyeon,https://www.facebook.com/kimtaenyeon,더불어민주당,기획재정위원회,경기 성남시수정구,남,제21대,4선,지역구,2100000000068
김태호+국민의힘,https://watch.peoplepower21.org/?mid=Member&member_seq=297,김태호,"제32·제33대 경상남도도지사,제18·제19대 국회의원",https://blog.naver.com/chiutaeho,taehois,https://www.facebook.com/taehois,국민의힘,외교통일위원회,경남 산청군함양군거창군합천군,남,제21대,3선,지역구,2100000000069
김태흠+국민의힘,https://watch.peoplepower21.org/?mid=Member&member_seq=758,김태흠,"제20대 국회의원,자유한국당 최고위원",http://kimtaeheum.com/,ktheum,https://www.facebook.com/ktheum,국민의힘,농림축산식품해양수산위원회,충남 보령시서천군,남,제21대,3선,지역구,2100000000070
김한정+더불어민주당,https://watch.peoplepower21.org/?mid=Member&member_seq=990,김한정,"제20대 국회의원,청와대 제1부속실장(김대중 대통령)",http://blog.naver.com/hanjungkim,hanjungok,https://www.facebook.com/kimhanjung,더불어민주당,정무위원회,경기 남양주시을,남,제21대,재선,지역구,2100000000071
김형동+국민의힘,https://watch.peoplepower21.org/?mid=Member&member_seq=1139,김형동,"법무법인 중앙법률원 대표 변호사,노동법이론 실무학회 이사",https://blog.naver.com/khyungdong,,https://www.facebook.com/profile.php?id=100048239001068,국민의힘,행정안전위원회,경북 안동시예천군,남,제21대,초선,지역구,2100000000072
김회재+더불어민주당,https://watch.peoplepower21.org/?mid=Member&member_seq=1135,김회재,"광주지방검찰청 검사장,더불어민주당 정책위부의장",,,https://www.facebook.com/hoijae.kim.35,더불어민주당,국토교통위원회,전남 여수시을,남,제21대,초선,지역구,2100000000074
김희곤+국민의힘,https://watch.peoplepower21.org/?mid=Member&member_seq=1063,김희곤,"해양수산부 장관 정책보좌관,청와대 기획조정실 근무",https://blog.naver.com/caesar1217,,https://www.facebook.com/2kimheegon,국민의힘,정무위원회,부산 동래구,남,제21대,초선,지역구,2100000000075
김희국+국민의힘,https://watch.peoplepower21.org/?mid=Member&member_seq=730,김희국,"국토해양부 제2차관,제19대 국회의원",http://blog.naver.com/heekuk1020,,https://www.facebook.com/unclekim1020,국민의힘,국토교통위원회,경북 군위군의성군청송군영덕군,남,제21대,재선,지역구,2100000000076
노웅래+더불어민주당,https://watch.peoplepower21.org/?mid=Member&member_seq=368,노웅래,"제20대 국회의원,국회 과학기술정보방송통신위원회 위원장",http://blog.naver.com/with_wraenoh,GoWith_WRaenoh,https://www.facebook.com/wraenoh,더불어민주당,환경노동위원회,서울 마포구갑,남,제21대,4선,지역구,2100000000078
도종환+더불어민주당,https://watch.peoplepower21.org/?mid=Member&member_seq=839,도종환,"제20대 국회의원,문재인정부 초대 문화체육관광부 장관",https://blog.naver.com/djhpoem,,https://www.facebook.com/djhpoem,더불어민주당,교육위원회,충북 청주시흥덕구,남,제21대,3선,지역구,2100000000079
류성걸+국민의힘,https://watch.peoplepower21.org/?mid=Member&member_seq=731,류성걸,"제19대 국회의원,기획재정부 제2차관",,sungkull1,https://www.facebook.com/usk57,국민의힘,기획재정위원회,대구 동구갑,남,제21대,재선,지역구,2100000000080
맹성규+더불어민주당,https://watch.peoplepower21.org/?mid=Member&member_seq=1028,맹성규,"국토교통부 제2차관,제20대 국회의원(남동구갑)",https://blog.naver.com/minjoo_maeng,congressmaeng,https://www.facebook.com/congressmaeng,더불어민주당,농림축산식품해양수산위원회,인천 남동구갑,남,제21대,재선,지역구,2100000000082
문정복+더불어민주당,https://watch.peoplepower21.org/?mid=Member&member_seq=1112,문정복,"청와대 대통령 비서실 선임행정관,백원우국회의원 보좌관",https://blog.naver.com/indobangrang,,https://www.facebook.com/indobangrang1,더불어민주당,국토교통위원회,경기 시흥시갑,여,제21대,초선,지역구,2100000000083
문진석+더불어민주당,https://watch.peoplepower21.org/?mid=Member&member_seq=1127,문진석,"충청남도지사 비서실장,대통령직속 균형발전위원회 국민소통위원",https://blog.naver.com/jmoon123,,https://www.facebook.com/profile.php?id=100024518042012,더불어민주당,국토교통위원회,충남 천안시갑,남,제21대,초선,지역구,2100000000084
민병덕+더불어민주당,https://watch.peoplepower21.org/?mid=Member&member_seq=1100,민병덕,"법무법인 민본 대표변호사,더불어민주당 안양동안갑 지역위원회 위원장",https://blog.naver.com/anyangmin,anyangmin,https://www.facebook.com/anyangmin,더불어민주당,정무위원회,경기 안양시동안구갑,남,제21대,초선,지역구,2100000000085
민형배+더불어민주당,https://watch.peoplepower21.org/?mid=Member&member_seq=1085,민형배,"문재인대통령 청와대 사회정책비서관,민선 5·6기 광산구청장",https://blog.naver.com/gjminsim,Minhyungbae,https://www.facebook.com/minhyungbae1,더불어민주당,정무위원회,광주 광산구을,남,제21대,초선,지역구,2100000000086
민홍철+더불어민주당,https://watch.peoplepower21.org/?mid=Member&member_seq=778,민홍철,"제20대 더불어민주당 국회의원,국방부 고등군사법원 법원장(육군준장)",https://blog.naver.com/rediron2400,minstar21c,https://www.facebook.com/hongchul.min.1,더불어민주당,국방위원회,경남 김해시갑,남,제21대,3선,지역구,2100000000087
박광온+더불어민주당,https://watch.peoplepower21.org/?mid=Member&member_seq=868,박광온,"MBC 보도국장,더불어민주당 최고위원",http://blog.naver.com/kopark2012,parkkwangon,https://www.facebook.com/mentpko,더불어민주당,법제사법위원회,경기 수원시정,남,제21대,3선,지역구,2100000000088
박대출+국민의힘,https://watch.peoplepower21.org/?mid=Member&member_seq=777,박대출,"국회의원,국회 코로나19 대책 특위 위원",http://blog.naver.com/dcparkjj,dcparkjj,https://www.facebook.com/daechul.bag,국민의힘,환경노동위원회,경남 진주시갑,남,제21대,3선,지역구,2100000000090
박덕흠+무소속,https://watch.peoplepower21.org/?mid=Member&member_seq=754,박덕흠,"대한전문건설협회 중앙회 회장,제20대 국회의원",http://parkdukhyum.blog.me/,parkdukhyum,https://www.facebook.com/parkdukhyum,무소속,농림축산식품해양수산위원회,충북 보은군옥천군영동군괴산군,남,제21대,3선,지역구,2100000000091
박범계+더불어민주당,https://watch.peoplepower21.org/?mid=Member&member_seq=745,박범계,"제20대 국회의원,대전지방법원 판사",http://blog.naver.com/bkfire1004,bkfire1004,https://www.facebook.com/bkfire,더불어민주당,환경노동위원회,대전 서구을,남,제21대,3선,지역구,2100000000092
박병석+무소속,https://watch.peoplepower21.org/?mid=Member&member_seq=86,박병석,"19대 국회부의장,서울특별시 정무부시장",http://blog.naver.com/pbs2100,,https://www.facebook.com/okpbs,무소속,외교통일위원회,대전 서구갑,남,제21대,6선,지역구,2100000000093
박상혁+더불어민주당,https://watch.peoplepower21.org/?mid=Member&member_seq=1118,박상혁,"문재인정부 청와대 행정관,서울시 정무보좌관",https://blog.naver.com/gimpo_park,,https://www.facebook.com/gimpo.park21,더불어민주당,국토교통위원회,경기 김포시을,남,제21대,초선,지역구,2100000000094
박성민+국민의힘,https://watch.peoplepower21.org/?mid=Member&member_seq=1089,박성민,"울산중구청장,전국 시장·군수·구청장협의회 회장",https://blog.naver.com/usmpark,,https://www.facebook.com/usmpark,국민의힘,국토교통위원회,울산 중구,남,제21대,초선,지역구,2100000000095
박성준+더불어민주당,https://watch.peoplepower21.org/?mid=Member&member_seq=1043,박성준,"JTBC 아나운서,더불어민주당 중앙당 부대변인",https://blog.naver.com/pksjoffice,,https://www.facebook.com/pksj1969,더불어민주당,법제사법위원회,서울 중구성동구을,남,제21대,초선,지역구,2100000000096
박성중+국민의힘,https://watch.peoplepower21.org/?mid=Member&member_seq=897,박성중,"미래통합당 서초구을 국회의원,서초구청장",http://blog.naver.com/sjpark580801,parksungjoong,https://www.facebook.com/sjpark101,국민의힘,과학기술정보방송통신위원회,서울 서초구을,남,제21대,재선,지역구,2100000000097
박수영+국민의힘,https://watch.peoplepower21.org/?mid=Member&member_seq=1064,박수영,"경기도 행정1부지사,한반도선진화재단 대표",https://blog.naver.com/psyfor2020,,https://www.facebook.com/sooyoung.park.165,국민의힘,정무위원회,부산 남구갑,남,제21대,초선,지역구,2100000000098
박영순+더불어민주당,https://watch.peoplepower21.org/?mid=Member&member_seq=1088,박영순,"대전광역시 정무부시장,문재인대통령 청와대 선임행정관",https://blog.naver.com/ysb3860,ysb3860,https://www.facebook.com/youngsoon12,더불어민주당,국토교통위원회,대전 대덕구,남,제21대,초선,지역구,2100000000099
박완수+국민의힘,https://watch.peoplepower21.org/?mid=Member&member_seq=967,박완수,"민선3.4기 창원시장,초대통합 창원시장,20대 국회의원",http://blog.naver.com/wansu2u,,https://www.facebook.com/wansu2u,국민의힘,행정안전위원회,경남 창원시의창구,남,제21대,재선,지역구,2100000000100
박완주+더불어민주당,https://watch.peoplepower21.org/?mid=Member&member_seq=756,박완주,"천안시을 국회의원,더불어민주당 원내수석부대표",http://blog.naver.com/withwanju,park_wanju,https://www.facebook.com/parkwanju,더불어민주당,행정안전위원회,충남 천안시을,남,제21대,3선,지역구,2100000000101
박용진+더불어민주당,https://watch.peoplepower21.org/?mid=Member&member_seq=886,박용진,"제20대 국회의원,민주당 대변인",https://blog.naver.com/left001,hopeparkyongjin,https://www.facebook.com/yongjin.bag,더불어민주당,정무위원회,서울 강북구을,남,제21대,재선,지역구,2100000000102
박재호+더불어민주당,https://watch.peoplepower21.org/?mid=Member&member_seq=899,박재호,"제20대 국회의원,노무현대통령 비서실 정무2비서관",http://blog.naver.com/pjh0586,ourpark,https://www.facebook.com/ourpark20,더불어민주당,행정안전위원회,부산 남구을,남,제21대,재선,지역구,2100000000103
박정+더불어민주당,https://watch.peoplepower21.org/?mid=Member&member_seq=993,박정,"제20대 국회의원(경기 파주시을),제19대 대통령선거 더불어민주당 문재인 후보 중앙선거대책위원회 총괄부본부장",http://blog.naver.com/pjkorea21c,pjkorea21c,https://www.facebook.com/pjkorea21c,더불어민주당,문화체육관광위원회,경기 파주시을,남,제21대,재선,지역구,2100000000104
박주민+더불어민주당,https://watch.peoplepower21.org/?mid=Member&member_seq=888,박주민,"더불어민주당 최고위원,은평갑 국회의원",http://joomincenter.com/,yoeman6310,https://www.facebook.com/eunpyoung.joomin,더불어민주당,법제사법위원회,서울 은평구갑,남,제21대,재선,지역구,2100000000105
박진+국민의힘,https://watch.peoplepower21.org/?mid=Member&member_seq=104,박진,"국회외교통상통일위원장,청와대 공보ㆍ정무 비서관",https://blog.naver.com/parkjin916,,https://www.facebook.com/parkjin.official,국민의힘,외교통일위원회,서울 강남구을,남,제21대,4선,지역구,2100000000106
박찬대+더불어민주당,https://watch.peoplepower21.org/?mid=Member&member_seq=913,박찬대,"국회의원,더불어민주당 원내대변인",http://blog.naver.com/starhanmia,,https://www.facebook.com/whiparam,더불어민주당,교육위원회,인천 연수구갑,남,제21대,재선,지역구,2100000000107
박형수+국민의힘,https://watch.peoplepower21.org/?mid=Member&member_seq=1142,박형수,"대구지방검찰청 부장검사,미래통합당 법률자문위원",https://blog.naver.com/hyeungsoo1,,https://www.facebook.com/profile.php?id=100010259075978,국민의힘,기획재정위원회,경북 영주시영양군봉화군울진군,남,제21대,초선,지역구,2100000000108
박홍근+더불어민주당,https://watch.peoplepower21.org/?mid=Member&member_seq=710,박홍근,"국회의원(제19대, 20대),더불어민주당 원내수석부대표",http://blog.naver.com/bakhonggeun,maumgil,https://www.facebook.com/maumgil,더불어민주당,기획재정위원회,서울 중랑구을,남,제21대,3선,지역구,2100000000109
배준영+국민의힘,https://watch.peoplepower21.org/?mid=Member&member_seq=1075,배준영,"제20대 국회의원선거 후보 (중구동구강화군옹진군선거구),대한민국 국회 부대변인(2급상당)",https://blog.naver.com/jyb116,,https://www.facebook.com/jyb116,국민의힘,기획재정위원회,인천 중구강화군옹진군,남,제21대,초선,지역구,2100000000110
배현진+국민의힘,https://watch.peoplepower21.org/?mid=Member&member_seq=1059,배현진,"MBC 뉴스데스크 앵커,미래통합당 중앙선거대책위원회 대변인",https://blog.naver.com/trustbhj,,https://www.facebook.com/trustbae83,국민의힘,문화체육관광위원회,서울 송파구을,여,제21대,초선,지역구,2100000000112
백종헌+국민의힘,https://watch.peoplepower21.org/?mid=Member&member_seq=1066,백종헌,"부산광역시의회 제7대의장,자유한국당 금정구 당협위원장",https://blog.naver.com/jh100bs,,https://www.facebook.com/profile.php?id=100046211020787,국민의힘,보건복지위원회,부산 금정구,남,제21대,초선,지역구,2100000000113
백혜련+더불어민주당,https://watch.peoplepower21.org/?mid=Member&member_seq=981,백혜련,"더불어민주당 대변인,제20대 수원시을 국회의원,",http://blog.naver.com/100hyeryun,100HyeRyun,https://www.facebook.com/100hyeryun1,더불어민주당,행정안전위원회,경기 수원시을,여,제21대,재선,지역구,2100000000114
변재일+더불어민주당,https://watch.peoplepower21.org/?mid=Member&member_seq=389,변재일,"국회의원,더불어민주당 충청북도당 위원장",http://blog.naver.com/open1197news,byunjaeill,https://www.facebook.com/open1197,더불어민주당,과학기술정보방송통신위원회,충북 청주시청원구,남,제21대,5선,지역구,2100000000115
서동용+더불어민주당,https://watch.peoplepower21.org/?mid=Member&member_seq=1137,서동용,"민주사회를 위한 변호사회(민변)변호사,더불어민주당 정책위원회 부의장",https://blog.naver.com/dyongseo,,https://www.facebook.com/dyongseo,더불어민주당,교육위원회,전남 순천시광양시곡성군구례군을,남,제21대,초선,지역구,2100000000116
서범수+국민의힘,https://watch.peoplepower21.org/?mid=Member&member_seq=1091,서범수,"울산지방경찰청장,미래통합당 울주군 당협위원장",https://blog.naver.com/bumsoo917,,https://www.facebook.com/suhbumsoo,국민의힘,행정안전위원회,울산 울주군,남,제21대,초선,지역구,2100000000117
서병수+국민의힘,https://watch.peoplepower21.org/?mid=Member&member_seq=112,서병수,"부산광역시장,4선 국회의원",https://blog.naver.com/suhbs8680,bsy8680,https://www.facebook.com/suhbyungsoo,국민의힘,기획재정위원회,부산 부산진구갑,남,제21대,5선,지역구,2100000000118
서삼석+더불어민주당,https://watch.peoplepower21.org/?mid=Member&member_seq=1034,서삼석,"민선 3·4·5기 무안군수,제20대 국회의원(영암군무안군신안군)",https://blog.naver.com/3s0011,,https://www.facebook.com/3s0011,더불어민주당,농림축산식품해양수산위원회,전남 영암군무안군신안군,남,제21대,재선,지역구,2100000000119
서영석+더불어민주당,https://watch.peoplepower21.org/?mid=Member&member_seq=1101,서영석,"더불어민주당 중앙당 부대변인,부천시 약사회장",http://blog.daum.net/guseng,unclevitamin,https://www.facebook.com/ojungvitamin,더불어민주당,보건복지위원회,경기 부천시정,남,제21대,초선,지역구,2100000000121
서일준+국민의힘,https://watch.peoplepower21.org/?mid=Member&member_seq=1148,서일준,"거제시 부시장,대통령실 행정관",http://blog.naver.com/greatgeoje,,https://www.facebook.com/greatgeoje,국민의힘,기획재정위원회,경남 거제시,남,제21대,초선,지역구,2100000000122
설훈+더불어민주당,https://watch.peoplepower21.org/?mid=Member&member_seq=117,설훈,"19, 20대 부천시을 국회의원,더불어민주당 최고위원",http://blog.naver.com/sulhoon21,sulhoon,https://www.facebook.com/sulhoon,더불어민주당,국방위원회,경기 부천시을,남,제21대,5선,지역구,2100000000124
성일종+국민의힘,https://watch.peoplepower21.org/?mid=Member&member_seq=1006,성일종,"미래통합당 원내대변인,미세먼지 문제 해결을 위한 국가기후환경회의 위원",https://blog.naver.com/sij5140,,https://www.facebook.com/sij5140,국민의힘,국방위원회,충남 서산시태안군,남,제21대,재선,지역구,2100000000125
소병철+더불어민주당,https://watch.peoplepower21.org/?mid=Member&member_seq=1136,소병철,"고등검사장,더불어민주당중앙선대위 법률지원단장",https://blog.naver.com/sbcpr,,https://www.facebook.com/sobyungchul20,더불어민주당,법제사법위원회,전남 순천시광양시곡성군구례군갑,남,제21대,초선,지역구,2100000000126
소병훈+더불어민주당,https://watch.peoplepower21.org/?mid=Member&member_seq=997,소병훈,"제20대 국회의원(광주시갑),더불어민주당 제2사무부총장(조직)",http://blog.naver.com/sotongsa,sotongsa,https://www.facebook.com/sotongsa1,더불어민주당,국토교통위원회,경기 광주시갑,남,제21대,재선,지역구,2100000000127
송갑석+더불어민주당,https://watch.peoplepower21.org/?mid=Member&member_seq=1029,송갑석,"국회의원,더불어민주당 중앙당 대변인",https://blog.naver.com/kssong3928,,https://www.facebook.com/songkapseok,더불어민주당,산업통상자원중소벤처기업위원회,광주 서구갑,남,제21대,재선,지역구,2100000000128
송기헌+더불어민주당,https://watch.peoplepower21.org/?mid=Member&member_seq=999,송기헌,"서울지방검찰청 검사,국회 법제사법위원회 간사",https://blog.naver.com/peacesong1,,https://www.facebook.com/withsong,더불어민주당,법제사법위원회,강원 원주시을,남,제21대,재선,지역구,2100000000129
송석준+국민의힘,https://watch.peoplepower21.org/?mid=Member&member_seq=994,송석준,"미래통합당 원내부대표,미래통합당 경기도당위원장",http://icheonsarang.com/,,https://www.facebook.com/icheonsarang,국민의힘,국토교통위원회,경기 이천시,남,제21대,재선,지역구,2100000000130
송언석+국민의힘,https://watch.peoplepower21.org/?mid=Member&member_seq=1035,송언석,"기획재정부 2차관,제20대 국회의원",https://blog.naver.com/esong63,,,국민의힘,국토교통위원회,경북 김천시,남,제21대,재선,지역구,2100000000131
송영길+더불어민주당,https://watch.peoplepower21.org/?mid=Member&member_seq=122,송영길,"민선 5기 인천광역시장,4선 국회의원(제16,17,18,20대)",https://blog.naver.com/songyounggil,Bulloger,https://www.facebook.com/songyounggil63,더불어민주당,외교통일위원회,인천 계양구을,남,제21대,5선,지역구,2100000000132
송옥주+더불어민주당,https://watch.peoplepower21.org/?mid=Member&member_seq=938,송옥주,"국회의원,더불어민주당 화성갑 지역위원장",https://blog.naver.com/songok4740,,https://www.facebook.com/okju.song.52,더불어민주당,환경노동위원회,경기 화성시갑,여,제21대,재선,지역구,2100000000133
송재호+더불어민주당,https://watch.peoplepower21.org/?mid=Member&member_seq=1149,송재호,"대통령직속 국가균형발전위원회 위원장,제주대학교 교수",http://blog.daum.net/song.jeju/,,https://www.facebook.com/song.jeju2,더불어민주당,정무위원회,제주 제주시갑,남,제21대,초선,지역구,2100000000134
신동근+더불어민주당,https://watch.peoplepower21.org/?mid=Member&member_seq=920,신동근,"제20대 인천서구을 국회의원,인천광역시 정무부시장",https://blog.naver.com/skdc2875,skdc2875,https://www.facebook.com/shindonggen,더불어민주당,국토교통위원회,인천 서구을,남,제21대,재선,지역구,2100000000135
신정훈+더불어민주당,https://watch.peoplepower21.org/?mid=Member&member_seq=873,신정훈,"더불어민주당 국회의원,문재인대통령 청와대 비서관",https://blog.naver.com/newnaju21,newnaju21,https://www.facebook.com/newnaju21,더불어민주당,산업통상자원중소벤처기업위원회,전남 나주시화순군,남,제21대,재선,지역구,2100000000138
심상정+정의당,https://watch.peoplepower21.org/?mid=Member&member_seq=506,심상정,"국회의원,정의당 대표",https://blog.naver.com/713sim,sangjungsim,https://www.facebook.com/simsangjung,정의당,국토교통위원회,경기 고양시갑,여,제21대,4선,지역구,2100000000140
안규백+더불어민주당,https://watch.peoplepower21.org/?mid=Member&member_seq=601,안규백,"제20대 동대문구갑 국회의원,국회 국방위원장",http://blog.naver.com/agbhope,agbhope,https://www.facebook.com/AGBhope,더불어민주당,국방위원회,서울 동대문구갑,남,제21대,4선,지역구,2100000000141
안민석+더불어민주당,https://watch.peoplepower21.org/?mid=Member&member_seq=399,안민석,"제19대 대선 문재인후보 선대위 직능본부장,제20대 국회의원(국회 문화체육관광위원장)",http://blog.naver.com/ams0506,eduhimang,https://www.facebook.com/osan21,더불어민주당,교육위원회,경기 오산시,남,제21대,5선,지역구,2100000000142
안병길+국민의힘,https://watch.peoplepower21.org/?mid=Member&member_seq=1062,안병길,"부산일보 대표이사 사장,한국지방신문협회 회장",https://blog.naver.com/anbg02,,https://www.facebook.com/AnByunggil,국민의힘,농림축산식품해양수산위원회,부산 서구동구,남,제21대,초선,지역구,2100000000143
안호영+더불어민주당,https://watch.peoplepower21.org/?mid=Member&member_seq=1017,안호영,"제20대 국회의원,더불어민주당 전라북도당위원장",http://blog.naver.com/lawanhoyoung,,https://www.facebook.com/ahnho065,더불어민주당,환경노동위원회,전북 완주군진안군무주군장수군,남,제21대,재선,지역구,2100000000144
양금희+국민의힘,https://watch.peoplepower21.org/?mid=Member&member_seq=1071,양금희,"한국여성유권자연맹 중앙회장,대검찰청 수사심의위원회 위원",https://blog.naver.com/ygoldh8999,,https://www.facebook.com/profile.php?id=100046764070367,국민의힘,산업통상자원중소벤처기업위원회,대구 북구갑,여,제21대,초선,지역구,2100000000146
양기대+더불어민주당,https://watch.peoplepower21.org/?mid=Member&member_seq=1103,양기대,"광명시장,국립한국교통대학교 특임교수",https://blog.naver.com/kdyang62,ykd21,https://www.facebook.com/kdyang62,더불어민주당,행정안전위원회,경기 광명시을,남,제21대,초선,지역구,2100000000147
양향자+무소속,https://watch.peoplepower21.org/?mid=Member&member_seq=1081,양향자,"더불어민주당 최고위원,국가공무원인재개발원 원장",https://blog.naver.com/bestwest1967,bestwest1967,https://www.facebook.com/bestwest1967,무소속,기획재정위원회,광주 서구을,여,제21대,초선,지역구,2100000000150
엄태영+국민의힘,https://watch.peoplepower21.org/?mid=Member&member_seq=1125,엄태영,"제천시장,미래통합당 제천시단양군 당원협의회 운영위원장",https://blog.naver.com/ty2394,,,국민의힘,산업통상자원중소벤처기업위원회,충북 제천시단양군,남,제21대,초선,지역구,2100000000152
오기형+더불어민주당,https://watch.peoplepower21.org/?mid=Member&member_seq=1048,오기형,"더불어민주당 일본경제침략대책특별위원회 위원,더불어민주당 서울 도봉을 지역위원회 위원장",https://blog.naver.com/okgihyoung,vic_ohgh,https://www.facebook.com/OH.GiHyoung,더불어민주당,정무위원회,서울 도봉구을,남,제21대,초선,지역구,2100000000153
오영환+더불어민주당,https://watch.peoplepower21.org/?mid=Member&member_seq=1097,오영환,"중앙119구조본부 수도권특수구조대,정당인",https://blog.naver.com/119heartsaver,heartsaver119,https://www.facebook.com/119heartsaver,더불어민주당,행정안전위원회,경기 의정부시갑,남,제21대,초선,지역구,2100000000154
오영훈+더불어민주당,https://watch.peoplepower21.org/?mid=Member&member_seq=965,오영훈,"더불어민주당 원내대변인,더불어민주당 정책위원회 상임부의장",http://blog.naver.com/younghun3706,,https://www.facebook.com/younghun21,더불어민주당,행정안전위원회,제주 제주시을,남,제21대,재선,지역구,2100000000155
우상호+더불어민주당,https://watch.peoplepower21.org/?mid=Member&member_seq=407,우상호,"더불어민주당 원내대표,20대 국회의원",http://www.woosangho.com/,woosangho2,https://www.facebook.com/woosangho,더불어민주당,과학기술정보방송통신위원회,서울 서대문구갑,남,제21대,4선,지역구,2100000000157
우원식+더불어민주당,https://watch.peoplepower21.org/?mid=Member&member_seq=478,우원식,"더불어민주당 원내대표,(사)홍범도장군기념사업회 이사장",https://woowonshik.tistory.com/,wonsikw,https://www.facebook.com/wonsikw,더불어민주당,기획재정위원회,서울 노원구을,남,제21대,4선,지역구,2100000000158
위성곤+더불어민주당,https://watch.peoplepower21.org/?mid=Member&member_seq=966,위성곤,"제20대 국회의원,제주특별자치도의회 제 8,9,10대 의원",https://blog.naver.com/wishjeju,wisg1128,https://www.facebook.com/seogwipowsg,더불어민주당,농림축산식품해양수산위원회,제주 서귀포시,남,제21대,재선,지역구,2100000000159
유경준+국민의힘,https://watch.peoplepower21.org/?mid=Member&member_seq=1057,유경준,"KDI 수석이코노미스트,15대 통계청장",https://blog.naver.com/gangnamforyou,,https://www.facebook.com/gangnamforyou,국민의힘,기획재정위원회,서울 강남구병,남,제21대,초선,지역구,2100000000160
유기홍+더불어민주당,https://watch.peoplepower21.org/?mid=Member&member_seq=413,유기홍,"제17, 19대 국회의원,더불어민주당 교육특별위원회 위원장",https://blog.naver.com/youngkor,yookihong,https://www.facebook.com/58kihong,더불어민주당,외교통일위원회,서울 관악구갑,남,제21대,3선,지역구,2100000000161
유동수+더불어민주당,https://watch.peoplepower21.org/?mid=Member&member_seq=918,유동수,"대한민국 국회 정무위원회 더불어민주당 간사,더불어민주당 원내부대표",http://blog.naver.com/newds61,,https://www.facebook.com/newds2016,더불어민주당,정무위원회,인천 계양구갑,남,제21대,재선,지역구,2100000000162
유상범+국민의힘,https://watch.peoplepower21.org/?mid=Member&member_seq=1122,유상범,"제33대 창원지방검찰청 검사장,법무법인 문평 대표변호사",https://blog.naver.com/sbyoo64,,https://www.facebook.com/profile.php?id=100046966037748,국민의힘,법제사법위원회,강원 홍천군횡성군영월군평창군,남,제21대,초선,지역구,2100000000163
유의동+국민의힘,https://watch.peoplepower21.org/?mid=Member&member_seq=869,유의동,"국회의원(19,20대),국회 정무위원회 법안심사제2소위원회 위원장",http://yueuidong.com/,,https://www.facebook.com/euidongyu,국민의힘,정무위원회,경기 평택시을,남,제21대,3선,지역구,2100000000164
윤건영+더불어민주당,https://watch.peoplepower21.org/?mid=Member&member_seq=1051,윤건영,"문재인정부 대통령비서실 국정기획상황실장,노무현정부 대통령비서실 정무기획비서관",https://blog.naver.com/yky2015,yky2015,https://www.facebook.com/yky2015,더불어민주당,외교통일위원회,서울 구로구을,남,제21대,초선,지역구,2100000000166
윤관석+더불어민주당,https://watch.peoplepower21.org/?mid=Member&member_seq=738,윤관석,"제19, 20대 국회의원(남동구을),국회 국토교통위원회 간사",http://blog.naver.com/winneryks,,https://www.facebook.com/ysj2005,더불어민주당,정무위원회,인천 남동구을,남,제21대,3선,지역구,2100000000167
윤두현+국민의힘,https://watch.peoplepower21.org/?mid=Member&member_seq=1143,윤두현,"대통령비서실 홍보수석 비서관,자유한국당 경산시 당원협의회 위원장",https://blog.naver.com/yoondhno1,,https://www.facebook.com/yoondhno1,국민의힘,정무위원회,경북 경산시,남,제21대,초선,지역구,2100000000168
윤상현+국민의힘,https://watch.peoplepower21.org/?mid=Member&member_seq=611,윤상현,"인천 미추홀구을 국회의원,미국 존스홉킨스대학교 국제관계대학원 초빙조교수",https://blog.naver.com/shoon1962,sanghyun_yoon,https://www.facebook.com/yoonsanghyun1962,국민의힘,문화체육관광위원회,인천 동구미추홀구을,남,제21대,4선,지역구,2100000000170
윤영덕+더불어민주당,https://watch.peoplepower21.org/?mid=Member&member_seq=1079,윤영덕,"문재인대통령 청와대 행정관,더불어민주당 광주동남갑지역위원장",https://blog.naver.com/yyd0415v,,https://www.facebook.com/yoonyd,더불어민주당,교육위원회,광주 동구남구갑,남,제21대,초선,지역구,2100000000171
윤영석+국민의힘,https://watch.peoplepower21.org/?mid=Member&member_seq=780,윤영석,"국회의원,자유한국당 수석대변인",http://www.hangomy.co.kr/,,https://www.facebook.com/yyshangomy,국민의힘,산업통상자원중소벤처기업위원회,경남 양산시갑,남,제21대,3선,지역구,2100000000172
윤영찬+더불어민주당,https://watch.peoplepower21.org/?mid=Member&member_seq=1095,윤영찬,"문재인대통령비서실 국민소통수석비서관,네이버 부사장",https://blog.naver.com/yyc8361,yyc1964,https://www.facebook.com/youngchan.yoon.18,더불어민주당,과학기술정보방송통신위원회,경기 성남시중원구,남,제21대,초선,지역구,2100000000173
윤재갑+더불어민주당,https://watch.peoplepower21.org/?mid=Member&member_seq=1138,윤재갑,"더불어민주당 전남도당 해남·완도·진도 지역위원장,해군 군수사령관",,,https://www.facebook.com/jacobsyoon55,더불어민주당,농림축산식품해양수산위원회,전남 해남군완도군진도군,남,제21대,초선,지역구,2100000000174
윤재옥+국민의힘,https://watch.peoplepower21.org/?mid=Member&member_seq=735,윤재옥,"대구 달서구을 국회의원,경기지방경찰청장",https://blog.naver.com/7882579,yunjaeok,https://www.facebook.com/yunjaeok,국민의힘,정무위원회,대구 달서구을,남,제21대,3선,지역구,2100000000175
윤준병+더불어민주당,https://watch.peoplepower21.org/?mid=Member&member_seq=1131,윤준병,"서울시 행정1부시장,더불어민주당 정읍고창지역위원장",https://blog.naver.com/jb870053,theminjb,https://www.facebook.com/joonbyeong.yoon,더불어민주당,환경노동위원회,전북 정읍시고창군,남,제21대,초선,지역구,2100000000177
윤한홍+국민의힘,https://watch.peoplepower21.org/?mid=Member&member_seq=968,윤한홍,"경상남도 행정부지사,대통령실 행정자치 비서관",http://blog.naver.com/uhh609,,https://www.facebook.com/uhh609,국민의힘,법제사법위원회,경남 창원시마산회원구,남,제21대,재선,지역구,2100000000179
윤호중+더불어민주당,https://watch.peoplepower21.org/?mid=Member&member_seq=418,윤호중,"제20대 구리시 국회의원,더불어민주당 사무총장",http://blog.naver.com/hjyun327,dpcorea,https://www.facebook.com/hojung.yun,더불어민주당,국방위원회,경기 구리시,남,제21대,4선,지역구,2100000000180
윤후덕+더불어민주당,https://watch.peoplepower21.org/?mid=Member&member_seq=798,윤후덕,"파주시갑 재선 국회의원,노무현 대통령 정책조정비서관",http://pajulove.kr/,yoons609,https://www.facebook.com/yoons609,더불어민주당,기획재정위원회,경기 파주시갑,남,제21대,3선,지역구,2100000000181
이개호+더불어민주당,https://watch.peoplepower21.org/?mid=Member&member_seq=874,이개호,"더불어민주당 국회의원,농림축산식품부 장관",https://blog.naver.com/lgh59623,,https://www.facebook.com/LeeGaeHo,더불어민주당,농림축산식품해양수산위원회,전남 담양군함평군영광군장성군,남,제21대,3선,지역구,2100000000183
이광재+더불어민주당,https://watch.peoplepower21.org/?mid=Member&member_seq=421,이광재,"35대 강원도지사,17·18대 국회의원",https://www.yeskj.kr/,yeslkj,https://www.facebook.com/MrYeskj,더불어민주당,외교통일위원회,강원 원주시갑,남,제21대,3선,지역구,2100000000184
이달곤+국민의힘,https://watch.peoplepower21.org/?mid=Member&member_seq=614,이달곤,"행정안전부 장관,청와대 정무수석비서관",https://band.us/@dalgon,dalgon1953,https://www.facebook.com/profile.php?id=100005639701391,국민의힘,보건복지위원회,경남 창원시진해구,남,제21대,재선,지역구,2100000000187
이만희+국민의힘,https://watch.peoplepower21.org/?mid=Member&member_seq=980,이만희,"제20대 국회 미래통합당 원내대변인,경기지방경찰청 청장",http://blog.naver.com/yc20002,yc20002,https://www.facebook.com/yc20002,국민의힘,농림축산식품해양수산위원회,경북 영천시청도군,남,제21대,재선,지역구,2100000000189
이명수+국민의힘,https://watch.peoplepower21.org/?mid=Member&member_seq=615,이명수,"국회 보건복지위원회 위원장,국회의원",http://www.mslee.co.kr/,asanworld,https://www.facebook.com/asanpride,국민의힘,행정안전위원회,충남 아산시갑,남,제21대,4선,지역구,2100000000190
이병훈+더불어민주당,https://watch.peoplepower21.org/?mid=Member&member_seq=1080,이병훈,문재인대통령후보 광주총괄선대본부장,https://blog.naver.com/leebh0318,leebh0318,https://www.facebook.com/lbh0318,더불어민주당,문화체육관광위원회,광주 동구남구을,남,제21대,초선,지역구,2100000000191
이상민+더불어민주당,https://watch.peoplepower21.org/?mid=Member&member_seq=430,이상민,"국회의원,제19대 국회 법제사법위원회 위원장",https://blog.naver.com/lawlsm2016,esangmin,https://www.facebook.com/esangmin,더불어민주당,외교통일위원회,대전 유성구을,남,제21대,5선,지역구,2100000000192
이상직+무소속,https://watch.peoplepower21.org/?mid=Member&member_seq=762,이상직,"중소벤처기업진흥공단 이사장,문재인대통령 직속 일자리위원회 위원",https://blog.naver.com/bestace2020,Ace_hope,https://www.facebook.com/acehope,무소속,국방위원회,전북 전주시을,남,제21대,재선,지역구,2100000000193
이상헌+더불어민주당,https://watch.peoplepower21.org/?mid=Member&member_seq=1030,이상헌,"제20대 국회의원,더불어민주당 울산광역시당위원장",https://blog.naver.com/leesh_2018,,https://www.facebook.com/thethethe0613,더불어민주당,문화체육관광위원회,울산 북구,남,제21대,재선,지역구,2100000000194
이성만+더불어민주당,https://watch.peoplepower21.org/?mid=Member&member_seq=1078,이성만,"인천대 도시행정학과 겸임교수,더불어민주당 부평구갑 지역위원장",http://www.smlee6409.blog.me,smlee6409,https://www.facebook.com/leesungman61,더불어민주당,산업통상자원중소벤처기업위원회,인천 부평구갑,남,제21대,초선,지역구,2100000000195
이소영+더불어민주당,https://watch.peoplepower21.org/?mid=Member&member_seq=1110,이소영,"대통령직속 국가기후환경회의 저감위원회 전문위원,김앤장 법률사무소 변호사",https://blog.naver.com/soyoung8lee,,https://www.facebook.com/imsoyoung.kr,더불어민주당,산업통상자원중소벤처기업위원회,경기 의왕시과천시,여,제21대,초선,지역구,2100000000196
이양수+국민의힘,https://watch.peoplepower21.org/?mid=Member&member_seq=1001,이양수,"청와대 정무수석실 행정관,제20대 국회의원",http://blog.naver.com/2yangs6288,2yangs6288,https://www.facebook.com/2yangs6288,국민의힘,농림축산식품해양수산위원회,강원 속초시인제군고성군양양군,남,제21대,재선,지역구,2100000000199
이용빈+더불어민주당,https://watch.peoplepower21.org/?mid=Member&member_seq=1084,이용빈,"문재인대통령 직속 국가균형발전위원회 자문위원,문재인대통령후보 광주공동선거대책위원장",https://blog.naver.com/fmdoc4u,GwangJu_MrBin,https://www.facebook.com/chungsana,더불어민주당,과학기술정보방송통신위원회,광주 광산구갑,남,제21대,초선,지역구,2100000000202
이용선+더불어민주당,https://watch.peoplepower21.org/?mid=Member&member_seq=1049,이용선,"문재인정부 청와대 시민사회수석,민주통합당 공동대표",https://blog.naver.com/2020yslee,,https://www.facebook.com/yslee9282,더불어민주당,외교통일위원회,서울 양천구을,남,제21대,초선,지역구,2100000000203
이용우+더불어민주당,https://watch.peoplepower21.org/?mid=Member&member_seq=1109,이용우,"한국카카오은행 공동대표,더불어민주당 규제혁신특별위원회 위원장",https://blog.naver.com/ywlee9501,minjoolee2020,https://www.facebook.com/minjoolee2020,더불어민주당,정무위원회,경기 고양시정,남,제21대,초선,지역구,2100000000204
이용호+무소속,https://watch.peoplepower21.org/?mid=Member&member_seq=1015,이용호,"국회의원,국회 국토교통위원회, 국회 예산결산특별위원회 위원",http://blog.naver.com/614lyh,,,무소속,보건복지위원회,전북 남원시임실군순창군,남,제21대,재선,지역구,2100000000205
이원욱+더불어민주당,https://watch.peoplepower21.org/?mid=Member&member_seq=794,이원욱,"20대 국회의원,노무현재단 기획위원",http://blog.naver.com/ewon33,ewon33,https://www.facebook.com/ewon33,더불어민주당,과학기술정보방송통신위원회,경기 화성시을,남,제21대,3선,지역구,2100000000206
이원택+더불어민주당,https://watch.peoplepower21.org/?mid=Member&member_seq=1132,이원택,"문재인대통령 비서실 행정관,전라북도 정무부지사",http://blog.naver.com/we1taeg,,https://www.facebook.com/we1taeg,더불어민주당,농림축산식품해양수산위원회,전북 김제시부안군,남,제21대,초선,지역구,2100000000207
이인영+더불어민주당,https://watch.peoplepower21.org/?mid=Member&member_seq=438,이인영,"더불어민주당 원내대표,국회의원(17대, 19대)",https://blog.naver.com/liy1964,lee_inyoung,https://www.facebook.com/bigbang1003,더불어민주당,기획재정위원회,서울 구로구갑,남,제21대,4선,지역구,2100000000209
이장섭+더불어민주당,https://watch.peoplepower21.org/?mid=Member&member_seq=1124,이장섭,"충청북도 정무부지사,청와대 산업정책비서관실 선임행정관",https://blog.naver.com/sir21c,,https://www.facebook.com/sir21c,더불어민주당,산업통상자원중소벤처기업위원회,충북 청주시서원구,남,제21대,초선,지역구,2100000000210
이재정+더불어민주당,https://watch.peoplepower21.org/?mid=Member&member_seq=940,이재정,"더불어민주당 국회의원,더불어민주당 대변인",http://blog.naver.com/leejjlaw,lovelylawyerjj,https://www.facebook.com/leejjlaw,더불어민주당,외교통일위원회,경기 안양시동안구을,여,제21대,재선,지역구,2100000000211
이종배+국민의힘,https://watch.peoplepower21.org/?mid=Member&member_seq=871,이종배,"충주시장,제20대 국회의원",https://blog.naver.com/victoryljb,leejongbae1026,https://www.facebook.com/victoryleejb,국민의힘,국토교통위원회,충북 충주시,남,제21대,3선,지역구,2100000000213
이주환+국민의힘,https://watch.peoplepower21.org/?mid=Member&member_seq=1067,이주환,"미래통합당 연제구 조직위원장,미래통합당 부산시당 수석대변인",https://blog.naver.com/leejoohwan3,,https://www.facebook.com/Lee.Joo.Hwan,국민의힘,산업통상자원중소벤처기업위원회,부산 연제구,남,제21대,초선,지역구,2100000000215
이채익+국민의힘,https://watch.peoplepower21.org/?mid=Member&member_seq=747,이채익,"제20대 국회의원,제20대 국회 행정안전위원회 간사",https://blog.naver.com/ulsanceo,lci8572,https://www.facebook.com/cheik.lee,국민의힘,문화체육관광위원회,울산 남구갑,남,제21대,3선,지역구,2100000000216
이철규+국민의힘,https://watch.peoplepower21.org/?mid=Member&member_seq=1000,이철규,"제20대 국회의원,제25대 경기지방경찰청장",http://blog.naver.com/cglee7,,https://www.facebook.com/dslove.assembly,국민의힘,산업통상자원중소벤처기업위원회,강원 동해시태백시삼척시정선군,남,제21대,재선,지역구,2100000000217
이탄희+더불어민주당,https://watch.peoplepower21.org/?mid=Member&member_seq=1115,이탄희,"서울중앙지방법원 판사,공익인권법재단 공감 소속변호사",https://blog.naver.com/lee_tanhi,lee_tanhi,https://www.facebook.com/lee.tahney,더불어민주당,교육위원회,경기 용인시정,남,제21대,초선,지역구,2100000000218
이학영+더불어민주당,https://watch.peoplepower21.org/?mid=Member&member_seq=796,이학영,"군포시을 더불어민주당 국회의원,한국YMCA 전국연맹 사무총장",https://blog.naver.com/leehackyoung,hackyoung1,https://www.facebook.com/hackyoung1,더불어민주당,산업통상자원중소벤처기업위원회,경기 군포시,남,제21대,3선,지역구,2100000000220
이해식+더불어민주당,https://watch.peoplepower21.org/?mid=Member&member_seq=1060,이해식,"서울특별시 강동구청장,더불어민주당 대변인",https://blog.naver.com/leehsik,leehsik,https://www.facebook.com/leehsikpage,더불어민주당,행정안전위원회,서울 강동구을,남,제21대,초선,지역구,2100000000221
이헌승+국민의힘,https://watch.peoplepower21.org/?mid=Member&member_seq=724,이헌승,"제19대, 20대 국회의원,자유한국당 황교안 당대표 비서실장",http://blog.naver.com/g7member,g7member,https://www.facebook.com/ilovebusanjin,국민의힘,국토교통위원회,부산 부산진구을,남,제21대,3선,지역구,2100000000222
이형석+더불어민주당,https://watch.peoplepower21.org/?mid=Member&member_seq=1083,이형석,"더불어민주당 최고위원,노무현대통령 청와대 비서관",https://blog.naver.com/hslee2016,,https://www.facebook.com/hslee2010,더불어민주당,행정안전위원회,광주 북구을,남,제21대,초선,지역구,2100000000223
인재근+더불어민주당,https://watch.peoplepower21.org/?mid=Member&member_seq=712,인재근,"도봉구갑 국회의원,김근태재단 이사장",http://ijk.or.kr/,JGT_FOREVER,https://www.facebook.com/ijk2012,더불어민주당,보건복지위원회,서울 도봉구갑,여,제21대,3선,지역구,2100000000224
임오경+더불어민주당,https://watch.peoplepower21.org/?mid=Member&member_seq=1102,임오경,"더불어민주당 정책위 부의장,대한민국 핸드볼 국가대표",https://blog.naver.com/oklim777,,https://www.facebook.com/okyeong.lim,더불어민주당,문화체육관광위원회,경기 광명시갑,여,제21대,초선,지역구,2100000000225
임이자+국민의힘,https://watch.peoplepower21.org/?mid=Member&member_seq=910,임이자,"국회의원,국회 환경노동위원회 미래통합당 간사",http://blog.naver.com/llj11,,https://www.facebook.com/llj11,국민의힘,환경노동위원회,경북 상주시문경시 ,여,제21대,재선,지역구,2100000000226
임종성+더불어민주당,https://watch.peoplepower21.org/?mid=Member&member_seq=998,임종성,"제20대 경기 광주시(을) 국회의원,제20대 국회 국토교통위원회·예산결산특별위원회 위원",http://blog.naver.com/ijs5321,5321tempia,https://www.facebook.com/ijs5321,더불어민주당,환경노동위원회,경기 광주시을,남,제21대,재선,지역구,2100000000227
임호선+더불어민주당,https://watch.peoplepower21.org/?mid=Member&member_seq=1126,임호선,"경찰청 본청 차장,청와대 비서실 행정관",https://blog.naver.com/propol21,limhoseon,https://www.facebook.com/poltown,더불어민주당,행정안전위원회,충북 증평군진천군음성군,남,제21대,초선,지역구,2100000000228
장경태+더불어민주당,https://watch.peoplepower21.org/?mid=Member&member_seq=1045,장경태,"문재인 대통령직속 국가균형발전위원회 국민소통특별위원,더불어민주당 도시교통특별위원장",https://blog.naver.com/jktkt,jktjj,https://www.facebook.com/letskt2016,더불어민주당,국토교통위원회,서울 동대문구을,남,제21대,초선,지역구,2100000000229
장제원+국민의힘,https://watch.peoplepower21.org/?mid=Member&member_seq=644,장제원,"제20대 사상구 국회의원,국회 예산결산특별위원회 간사",http://blog.jfirst21.com/,,https://www.facebook.com/bravojewon,국민의힘,법제사법위원회,부산 사상구,남,제21대,3선,지역구,2100000000230
장철민+더불어민주당,https://watch.peoplepower21.org/?mid=Member&member_seq=1086,장철민,"더불어민주당 원내대표 정책조정실장(2급상당),더불어민주당 정책위원회 부의장",https://blog.naver.com/jcm5440,,https://www.facebook.com/jcm5440,더불어민주당,환경노동위원회,대전 동구,남,제21대,초선,지역구,2100000000231
전봉민+무소속,https://watch.peoplepower21.org/?mid=Member&member_seq=1068,전봉민,"부산시의회 부의장,미래통합당 부산 수영구 조직위원장",https://blog.naver.com/dlwls5482,,https://www.facebook.com/profile.php?id=100015976780391,무소속,보건복지위원회,부산 수영구,남,제21대,초선,지역구,2100000000233
전재수+더불어민주당,https://watch.peoplepower21.org/?mid=Member&member_seq=900,전재수,"청와대 제2부속실장,제20대 국회의원",http://blog.naver.com/jsstory7,niceJaesoo,https://www.facebook.com/niceJaesoo,더불어민주당,정무위원회,부산 북구강서구갑,남,제21대,재선,지역구,2100000000235
전해철+더불어민주당,https://watch.peoplepower21.org/?mid=Member&member_seq=789,전해철,"노무현정부 청와대 민정수석,더불어민주당 최고위원",https://blog.naver.com/jhc05,HaeC_J,https://www.facebook.com/HaecheorJeon,더불어민주당,기획재정위원회,경기 안산시상록구갑,남,제21대,3선,지역구,2100000000237
전혜숙+더불어민주당,https://watch.peoplepower21.org/?mid=Member&member_seq=646,전혜숙,"제20대 광진구갑 국회의원,국회 행정안전위원회 위원장",http://blog.naver.com/jhsook7612,,https://www.facebook.com/winner1219,더불어민주당,과학기술정보방송통신위원회,서울 광진구갑,여,제21대,3선,지역구,2100000000238
정동만+국민의힘,https://watch.peoplepower21.org/?mid=Member&member_seq=1069,정동만,"제6대 기장군의회의원,제7대 부산광역시의회의원",https://blog.naver.com/dongbu1538,,https://www.facebook.com/dongman.jeong.7,국민의힘,국토교통위원회,부산 기장군,남,제21대,초선,지역구,2100000000240
정성호+더불어민주당,https://watch.peoplepower21.org/?mid=Member&member_seq=451,정성호,"국회 기획재정위원장,3선 국회의원(제17,19,20대)",http://blog.naver.com/jsh35351,JungSungho1,https://www.facebook.com/JungSungho1,더불어민주당,기획재정위원회,경기 양주시,남,제21대,4선,지역구,2100000000241
정일영+더불어민주당,https://watch.peoplepower21.org/?mid=Member&member_seq=1077,정일영,"인천국제공항공사 사장,국토해양부 교통정책실장",https://blog.naver.com/chung10park,,https://www.facebook.com/profile.php?id=100000958841265,더불어민주당,기획재정위원회,인천 연수구을,남,제21대,초선,지역구,2100000000243
정점식+국민의힘,https://watch.peoplepower21.org/?mid=Member&member_seq=1039,정점식,"경남 통영시고성군 국회의원,대검찰청 공안부장(검사장)",https://blog.naver.com/jsjeong0403,,https://www.facebook.com/jsjeong0403,국민의힘,농림축산식품해양수산위원회,경남 통영시고성군,남,제21대,재선,지역구,2100000000244
정진석+국민의힘,https://watch.peoplepower21.org/?mid=Member&member_seq=232,정진석,"새누리당 원내대표,국회의원",http://blog.naver.com/chungjinsuk,js0904,https://www.facebook.com/jinsukchung60,국민의힘,외교통일위원회,충남 공주시부여군청양군,남,제21대,5선,지역구,2100000000246
정찬민+국민의힘,https://watch.peoplepower21.org/?mid=Member&member_seq=1114,정찬민,"7대 용인시장,중앙일보 수도권 취재본부장",https://blog.naver.com/jungchanmin,jungchanmin,https://www.facebook.com/jungchanmin1,국민의힘,교육위원회,경기 용인시갑,남,제21대,초선,지역구,2100000000247
정청래+더불어민주당,https://watch.peoplepower21.org/?mid=Member&member_seq=453,정청래,"제17대·19대 국회의원(마포구을선거구),더불어민주당 최고위원",https://blog.naver.com/mapopower,ssaribi,https://www.facebook.com/cheongrae1,더불어민주당,문화체육관광위원회,서울 마포구을,남,제21대,3선,지역구,2100000000248
정춘숙+더불어민주당,https://watch.peoplepower21.org/?mid=Member&member_seq=948,정춘숙,"제20대 국회 더불어민주당 원내대변인,더불어민주당 코로나19 국난극복위원회 돌봄교육TF단장",http://blog.naver.com/chounsook_jung,jchounsook,https://www.facebook.com/jchounsook,더불어민주당,보건복지위원회,경기 용인시병,여,제21대,재선,지역구,2100000000249
정태호+더불어민주당,https://watch.peoplepower21.org/?mid=Member&member_seq=1054,정태호,"문재인대통령 비서실 일자리수석,노무현대통령 비서실 대변인",https://blog.naver.com/2000jth,Jung_Taeho,https://www.facebook.com/JungTaeHo,더불어민주당,산업통상자원중소벤처기업위원회,서울 관악구을,남,제21대,초선,지역구,2100000000250
정희용+국민의힘,https://watch.peoplepower21.org/?mid=Member&member_seq=1144,정희용,"미래통합당 고령군성주군칠곡군 당원협의회 조직위원장,이철우 경북도지사 경제특보",https://blog.naver.com/heeyong4you,,https://www.facebook.com/heeyong4u,국민의힘,과학기술정보방송통신위원회,경북 고령군성주군칠곡군,남,제21대,초선,지역구,2100000000252
조경태+국민의힘,https://watch.peoplepower21.org/?mid=Member&member_seq=454,조경태,"제20대 국회의원,미래통합당 최고위원",http://blog.naver.com/dangdangcamp,,https://www.facebook.com/Choforce,국민의힘,교육위원회,부산 사하구을,남,제21대,5선,지역구,2100000000253
조승래+더불어민주당,https://watch.peoplepower21.org/?mid=Member&member_seq=933,조승래,"제20대 국회의원,노무현정부 청와대 사회조정비서관",http://blog.naver.com/yuseong0413,gasiri,https://www.facebook.com/gasiri7,더불어민주당,과학기술정보방송통신위원회,대전 유성구갑,남,제21대,재선,지역구,2100000000256
조오섭+더불어민주당,https://watch.peoplepower21.org/?mid=Member&member_seq=1082,조오섭,"문재인대통령직속 국가균형발전위원회 대변인,더불어민주당 광주북구갑 지역위원장",https://blog.naver.com/hana-king,,https://www.facebook.com/hanaking7979,더불어민주당,행정안전위원회,광주 북구갑,남,제21대,초선,지역구,2100000000257
조응천+더불어민주당,https://watch.peoplepower21.org/?mid=Member&member_seq=989,조응천,"남양주시갑 국회의원,청와대 공직기강비서관",http://blog.naver.com/chopros,chopros,https://www.facebook.com/chopros,더불어민주당,국토교통위원회,경기 남양주시갑,남,제21대,재선,지역구,2100000000258
조정식+더불어민주당,https://watch.peoplepower21.org/?mid=Member&member_seq=458,조정식,"제20대 국회 전반기 국토교통위원회 위원장,더불어민주당 정책위원회 의장,",http://cjs.or.kr/,chojs21,https://www.facebook.com/chojs21,더불어민주당,과학기술정보방송통신위원회,경기 시흥시을,남,제21대,5선,지역구,2100000000259
조해진+국민의힘,https://watch.peoplepower21.org/?mid=Member&member_seq=662,조해진,"18, 19대 국회의원,새누리당 원내수석부대표",https://blog.naver.com/chrisjo631,,https://www.facebook.com/chrisjo204,국민의힘,교육위원회,경남 밀양시의령군함안군창녕군,남,제21대,3선,지역구,2100000000262
주철현+더불어민주당,https://watch.peoplepower21.org/?mid=Member&member_seq=1134,주철현,"여수시장,더불어민주당 여수갑지역위원장",https://blog.naver.com/jjwc306,,https://www.facebook.com/yeosuJCH,더불어민주당,농림축산식품해양수산위원회,전남 여수시갑,남,제21대,초선,지역구,2100000000263
주호영+국민의힘,https://watch.peoplepower21.org/?mid=Member&member_seq=461,주호영,"제20대 국회의원(4선),초대 특임장관",http://www.joohoyoung.or.kr/,sangtoil,https://www.facebook.com/sangtoil,국민의힘,과학기술정보방송통신위원회,대구 수성구갑,남,제21대,5선,지역구,2100000000264
진선미+더불어민주당,https://watch.peoplepower21.org/?mid=Member&member_seq=829,진선미,"여성가족부 장관,제20대 국회의원",https://blog.naver.com/smjingogo,sunmee_Jin,https://www.facebook.com/smjingogo,더불어민주당,정무위원회,서울 강동구갑,여,제21대,3선,지역구,2100000000266
진성준+더불어민주당,https://watch.peoplepower21.org/?mid=Member&member_seq=841,진성준,"서울특별시 정무부시장,제19대 국회의원",https://blog.naver.com/theminjoohotjjoon,jinsungjoon,https://www.facebook.com/hotjjoon,더불어민주당,국토교통위원회,서울 강서구을,남,제21대,재선,지역구,2100000000267
천준호+더불어민주당,https://watch.peoplepower21.org/?mid=Member&member_seq=1047,천준호,"더불어민주당 강북갑 지역위원장,박원순 서울시장 비서실장",https://blog.naver.com/junocheon,juno3355,https://www.facebook.com/juno3355,더불어민주당,국토교통위원회,서울 강북구갑,남,제21대,초선,지역구,2100000000268
최기상+더불어민주당,https://watch.peoplepower21.org/?mid=Member&member_seq=1052,최기상,"더불어민주당 정책위원회 부의장,서울중앙지방법원 부장판사",https://blog.naver.com/gisang2020,,https://www.facebook.com/gisang2020,더불어민주당,법제사법위원회,서울 금천구,남,제21대,초선,지역구,2100000000270
최인호+더불어민주당,https://watch.peoplepower21.org/?mid=Member&member_seq=901,최인호,"제20대 국회의원,대통령 비서실 국내언론비서관",http://blog.naver.com/cih1966,LoveSahagu,https://www.facebook.com/LoveSaha,더불어민주당,농림축산식품해양수산위원회,부산 사하구갑,남,제21대,재선,지역구,2100000000273
최종윤+더불어민주당,https://watch.peoplepower21.org/?mid=Member&member_seq=1113,최종윤,"서울특별시 정무수석 비서관,단국대학교 겸임교수",https://blog.naver.com/cjyjjw,,https://www.facebook.com/cjy610,더불어민주당,보건복지위원회,경기 하남시,남,제21대,초선,지역구,2100000000274
최춘식+국민의힘,https://watch.peoplepower21.org/?mid=Member&member_seq=1119,최춘식,"미래통합당 경기도당부위원장,경기도의회의원",https://blog.naver.com/cschoi01,,https://www.facebook.com/cschoi2018,국민의힘,행정안전위원회,경기 포천시가평군,남,제21대,초선,지역구,2100000000275
최형두+국민의힘,https://watch.peoplepower21.org/?mid=Member&member_seq=1145,최형두,"국회 대변인,청와대 홍보기획비서관",https://blog.naver.com/choihd,SmartMasan,https://www.facebook.com/hd.choi,국민의힘,문화체육관광위원회,경남 창원시마산합포구,남,제21대,초선,지역구,2100000000276
추경호+국민의힘,https://watch.peoplepower21.org/?mid=Member&member_seq=912,추경호,"달성군 국회의원,기획재정부 1차관",http://blog.naver.com/khchoo1224,,https://www.facebook.com/ChooKyungho,국민의힘,기획재정위원회,대구 달성군,남,제21대,재선,지역구,2100000000278
태영호+국민의힘,https://watch.peoplepower21.org/?mid=Member&member_seq=1056,태영호,"영국주재 북한 대사관 공사,대한민국 국가안보전략연구원 자문연구위원",https://thaeyongho.com/en/welcome-to-my-blog-2/,Thaeyongho,https://www.facebook.com/TaeKuMinGangNam,국민의힘,외교통일위원회,서울 강남구갑,남,제21대,초선,지역구,2100000000279
하영제+국민의힘,https://watch.peoplepower21.org/?mid=Member&member_seq=1147,하영제,"농림수산식품부 제2차관,산림청장",https://blog.naver.com/hayoungje810,,https://www.facebook.com/hayoungje810,국민의힘,국토교통위원회,경남 사천시남해군하동군,남,제21대,초선,지역구,2100000000280
하태경+국민의힘,https://watch.peoplepower21.org/?mid=Member&member_seq=727,하태경,"새로운보수당 책임대표,제20대 국회의원",http://www.radiohaha.net/,taekyungh,https://www.facebook.com/radiohahapage,국민의힘,국방위원회,부산 해운대구갑,남,제21대,3선,지역구,2100000000281
한기호+국민의힘,https://watch.peoplepower21.org/?mid=Member&member_seq=693,한기호,"18.19대 국회의원,새누리당 강원도당 위원장",https://blog.naver.com/nombo1,,https://www.facebook.com/hankiho,국민의힘,국방위원회,강원 춘천시철원군화천군양구군을,남,제21대,3선,지역구,2100000000282
한병도+더불어민주당,https://watch.peoplepower21.org/?mid=Member&member_seq=474,한병도,"문재인정부 대통령 비서실 정무수석비서관,문재인 대통령 외교(이라크 특임) 특별보좌관",,yesiksan,https://www.facebook.com/hbd7851,더불어민주당,국토교통위원회,전북 익산시을 ,남,제21대,재선,지역구,2100000000284
한정애+더불어민주당,https://watch.peoplepower21.org/?mid=Member&member_seq=835,한정애,"강서구병 국회의원,더불어민주당 정책위원회 수석부의장",https://www.hanjeoungae.com/,dudehowru,https://www.facebook.com/jeongae.han,더불어민주당,행정안전위원회,서울 강서구병,여,제21대,3선,지역구,2100000000285
한준호+더불어민주당,https://watch.peoplepower21.org/?mid=Member&member_seq=1107,한준호,"문재인정부 대통령비서실 국민소통수석실 행정관,MBC 문화방송 아나운서",https://blog.naver.com/juno_news,juno_news,https://www.facebook.com/hanjuno.news,더불어민주당,국토교통위원회,경기 고양시을,남,제21대,초선,지역구,2100000000286
허영+더불어민주당,https://watch.peoplepower21.org/?mid=Member&member_seq=1121,허영,"더불어민주당 강원도당위원장,박원순 서울시장 비서실장 및 정무수석",http://blog.naver.com/ramman,doingbeing,https://www.facebook.com/doingbeing,더불어민주당,국토교통위원회,강원 춘천시철원군화천군양구군갑,남,제21대,초선,지역구,2100000000287
허종식+더불어민주당,https://watch.peoplepower21.org/?mid=Member&member_seq=1076,허종식,"인천광역시 균형발전정무부시장,더불어민주당 동구미추홀구갑지역위원장",https://blog.naver.com/jongsyy,,https://www.facebook.com/heojongsik,더불어민주당,보건복지위원회,인천 동구미추홀구갑,남,제21대,초선,지역구,2100000000289
홍기원+더불어민주당,https://watch.peoplepower21.org/?mid=Member&member_seq=1104,홍기원,"청와대 국가안보실 정책자문위원,터키 이스탄불 총영사",https://blog.naver.com/flyhong21,,https://www.facebook.com/hongkw.win,더불어민주당,국토교통위원회,경기 평택시갑,남,제21대,초선,지역구,2100000000290
홍문표+국민의힘,https://watch.peoplepower21.org/?mid=Member&member_seq=477,홍문표,"국회예산결산특별위원회 위원장,국회교육위원회 위원장",https://blog.naver.com/mphong336,mphonglove,https://www.facebook.com/munpyo.hong,국민의힘,농림축산식품해양수산위원회,충남 홍성군예산군,남,제21대,4선,지역구,2100000000291
홍석준+국민의힘,https://watch.peoplepower21.org/?mid=Member&member_seq=1073,홍석준,"계명대학교 특임교수,대구광역시 경제국장",https://blog.naver.com/joon15,,https://www.facebook.com/dalseojoon15,국민의힘,과학기술정보방송통신위원회,대구 달서구갑,남,제21대,초선,지역구,2100000000292
홍성국+더불어민주당,https://watch.peoplepower21.org/?mid=Member&member_seq=1092,홍성국,"미래에셋대우 대표이사 사장,더불어민주당 경제대변인",https://blog.naver.com/hong2240,,https://www.facebook.com/sejonghsk,더불어민주당,정무위원회,세종특별자치시갑,남,제21대,초선,지역구,2100000000293
홍영표+더불어민주당,https://watch.peoplepower21.org/?mid=Member&member_seq=680,홍영표,"더불어민주당 원내대표,국회 환경노동위원회 위원장",https://blog.naver.com/youngvote814,YoungpyoHong,https://www.facebook.com/ypbupyeong,더불어민주당,국방위원회,인천 부평구을,남,제21대,4선,지역구,2100000000294
홍익표+더불어민주당,https://watch.peoplepower21.org/?mid=Member&member_seq=708,홍익표,"국회의원(제19대.20대),더불어민주당 수석대변인",http://blog.naver.com/peace_hong,peace_hong,https://www.facebook.com/peacehong,더불어민주당,과학기술정보방송통신위원회,서울 중구성동구갑,남,제21대,3선,지역구,2100000000295
홍정민+더불어민주당,https://watch.peoplepower21.org/?mid=Member&member_seq=1108,홍정민,"삼성경제연구소 수석연구원,로스토리법률사무소 대표변호사",https://blog.naver.com/waytohong,,https://www.facebook.com/waytohong,더불어민주당,산업통상자원중소벤처기업위원회,경기 고양시병,여,제21대,초선,지역구,2100000000296
홍준표+국민의힘,https://watch.peoplepower21.org/?mid=Member&member_seq=269,홍준표,"제19대 대통령선거 자유한국당 후보,자유한국당 대표",https://blog.naver.com/jphong803,,https://www.facebook.com/joonpyohong21,국민의힘,산업통상자원중소벤처기업위원회,대구 수성구을,남,제21대,5선,지역구,2100000000297
황보승희+국민의힘,https://watch.peoplepower21.org/?mid=Member&member_seq=1061,황보승희,"부산광역시의회의원(6/7대),부산광역시의회 경제문화위원장",https://blog.naver.com/ven76,,https://www.facebook.com/hbsh76,국민의힘,과학기술정보방송통신위원회,부산 중구영도구,여,제21대,초선,지역구,2100000000298
황운하+더불어민주당,https://watch.peoplepower21.org/?mid=Member&member_seq=1087,황운하,"대전지방경찰청장,대전중부경찰서장",https://blog.naver.com/unhah,,https://www.facebook.com/unha.hwang,더불어민주당,산업통상자원중소벤처기업위원회,대전 중구,남,제21대,초선,지역구,2100000000299
황희+더불어민주당,https://watch.peoplepower21.org/?mid=Member&member_seq=892,황희,"노무현 대통령비서실 청와대 행정관,대통령직속4차위 스마트시티특위 위원",http://blog.naver.com/hwanghee67,,https://www.facebook.com/sebhwang,더불어민주당,과학기술정보방송통신위원회,서울 양천구갑,남,제21대,재선,지역구,2100000000300
강민정+열린민주당,https://watch.peoplepower21.org/?mid=Member&member_seq=1192,강민정,"서울시교육청 혁신학교운영위원회 위원장,중학교 교사",https://blog.naver.com/kmgedu21,,https://www.facebook.com/profile.php?id=100005179623842,열린민주당,교육위원회,비례대표,여,제21대,초선,비례대표,2100000000005
강은미+정의당,https://watch.peoplepower21.org/?mid=Member&member_seq=1187,강은미,"광주광역시의원,정의당 부대표",https://blog.naver.com/em7086,,https://www.facebook.com/eunmi7086,정의당,환경노동위원회,비례대표,여,제21대,초선,비례대표,2100000000008
권은희+국민의당,https://watch.peoplepower21.org/?mid=Member&member_seq=864,권은희,"국회의원,국민의당 최고위원",https://blog.naver.com/kehsuda,,https://www.facebook.com/kwoneh0215,국민의당,정무위원회,비례대표,여,제21대,3선,비례대표,2100000000019
권인숙+더불어민주당,https://watch.peoplepower21.org/?mid=Member&member_seq=1170,권인숙,"명지대학교 방목기초교육대학 교수,한국여성정책연구원장",https://blog.naver.com/iskwon317,Insook_Kwon,https://www.facebook.com/insook.kwon.31,더불어민주당,교육위원회,비례대표,여,제21대,초선,비례대표,2100000000020
김경만+더불어민주당,https://watch.peoplepower21.org/?mid=Member&member_seq=1169,김경만,"중소기업중앙회 경제정책본부장,국세청소통과혁신분과위원장",,,https://www.facebook.com/profile.php?id=100049429267021,더불어민주당,산업통상자원중소벤처기업위원회,비례대표,남,제21대,초선,비례대표,2100000000023
김병주+더불어민주당,https://watch.peoplepower21.org/?mid=Member&member_seq=1179,김병주,"한미연합사 부사령관,더불어민주당 정책위 부의장",,,,더불어민주당,국방위원회,비례대표,남,제21대,초선,비례대표,2100000000037
김예지+국민의힘,https://watch.peoplepower21.org/?mid=Member&member_seq=1160,김예지,"유니온 앙상블 예술감독,한국장애예술인협회 이사",,,,국민의힘,문화체육관광위원회,비례대표,여,제21대,초선,비례대표,2100000000054
김의겸+열린민주당,https://watch.peoplepower21.org/?mid=Member&member_seq=1194,김의겸,"(전)청와대 대변인,(전)한겨레신문 논설위원",,kyummy63,https://www.facebook.com/100000329595989,열린민주당,문화체육관광위원회,비례대표,남,제21대,초선,비례대표,2100000000301
김홍걸+무소속,https://watch.peoplepower21.org/?mid=Member&member_seq=1181,김홍걸,민족화해협력범국민협의회 대표상임의장,https://blog.naver.com/hgkm615,hgk615,https://www.facebook.com/profile.php?id=100011622342253,무소속,외교통일위원회,비례대표,남,제21대,초선,비례대표,2100000000073
류호정+정의당,https://watch.peoplepower21.org/?mid=Member&member_seq=1185,류호정,"정의당 IT산업노동특별위원장,정의당 경기도당 여성위원장",https://blog.naver.com/hovan9289,,https://www.facebook.com/newhojeong,정의당,산업통상자원중소벤처기업위원회,비례대표,여,제21대,초선,비례대표,2100000000081
박대수+국민의힘,https://watch.peoplepower21.org/?mid=Member&member_seq=1159,박대수,"한국노총 25,26대 상임부위원장,한국노총 서울지역본부 16,17,18대 의장",https://blog.naver.com/pds0830,,https://www.facebook.com/pds0830,국민의힘,환경노동위원회,비례대표,남,제21대,초선,비례대표,2100000000089
배진교+정의당,https://watch.peoplepower21.org/?mid=Member&member_seq=1188,배진교,"정의당 평화본부 공동본부장,인천광역시 남동구청장",https://blog.naver.com/bjg21,,https://www.facebook.com/baejingyo,정의당,정무위원회,비례대표,남,제21대,초선,비례대표,2100000000111
서정숙+국민의힘,https://watch.peoplepower21.org/?mid=Member&member_seq=1165,서정숙,"제9대 한국여약사회 회장,제7대 서울특별시의원",https://blog.naver.com/suhjs25,suhjs52,https://www.facebook.com/suhjs52,국민의힘,보건복지위원회,비례대표,여,제21대,초선,비례대표,2100000000123
신원식+국민의힘,https://watch.peoplepower21.org/?mid=Member&member_seq=1157,신원식,"합동참모본부 합동참모차장,육군 수도방위사령관",,,https://www.facebook.com/shin.general.58,국민의힘,국방위원회,비례대표,남,제21대,초선,비례대표,2100000000137
신현영+더불어민주당,https://watch.peoplepower21.org/?mid=Member&member_seq=1168,신현영,"대한의사협회 대변인,한국여자의사회 법제이사",https://shy21.com/,shy740,https://www.facebook.com/shy740,더불어민주당,보건복지위원회,비례대표,여,제21대,초선,비례대표,2100000000139
양경숙+더불어민주당,https://watch.peoplepower21.org/?mid=Member&member_seq=1184,양경숙,"한국재정정책연구원 원장,더불어민주당 전국여성위원회 부위원장",https://blog.naver.com/jongroyang,,https://www.facebook.com/yanggyeongsug,더불어민주당,기획재정위원회,비례대표,여,제21대,초선,비례대표,2100000000145
양이원영+더불어민주당,https://watch.peoplepower21.org/?mid=Member&member_seq=1176,양이원영,"에너지전환포럼 사무처장,환경운동연합에너지국처장",http://yangyi.kr/,,https://www.facebook.com/yangyi.assembly,더불어민주당,산업통상자원중소벤처기업위원회,비례대표,여,제21대,초선,비례대표,2100000000148
양정숙+무소속,https://watch.peoplepower21.org/?mid=Member&member_seq=1182,양정숙,"대한변호사협회 인권위원,더불어민주당 법률위원회 부위원장",,,,무소속,과학기술정보방송통신위원회,비례대표,여,제21대,초선,비례대표,2100000000149
용혜인+기본소득당,https://watch.peoplepower21.org/?mid=Member&member_seq=1172,용혜인,"기본소득당 원내대표,경기도기본소득위원회 위원,2020 대한민국 기본소득 박람회 조직위원회 대변인",https://blog.naver.com/yong_hyein,yong_hyein,https://www.facebook.com/yonghyein,기본소득당,기획재정위원회,비례대표,여,제21대,초선,비례대표,2100000000156
유정주+더불어민주당,https://watch.peoplepower21.org/?mid=Member&member_seq=1177,유정주,"(사)한국애니메이션 산업협회 회장,대통령소속지식재산위원회민간위원",,,https://www.facebook.com/profile.php?id=100002051835405,더불어민주당,문화체육관광위원회,비례대표,여,제21대,초선,비례대표,2100000000165
윤미향+무소속,https://watch.peoplepower21.org/?mid=Member&member_seq=1174,윤미향,"일본군성노예제해결정의기억연대 이사장,전쟁과여성인권박물관 관장",https://blog.naver.com/mhyang530,MeehyangYoon,https://www.facebook.com/mhyang530,무소속,환경노동위원회,비례대표,여,제21대,초선,비례대표,2100000000169
윤주경+국민의힘,https://watch.peoplepower21.org/?mid=Member&member_seq=1150,윤주경,"독립기념관 관장,대통령소속 국민대통합위원회 위원",,,,국민의힘,정무위원회,비례대표,여,제21대,초선,비례대표,2100000000176
윤창현+국민의힘,https://watch.peoplepower21.org/?mid=Member&member_seq=1151,윤창현,"한국금융연구원장,공적자금관리위원회 민간위원장",,,,국민의힘,정무위원회,비례대표,남,제21대,초선,비례대표,2100000000178
이동주+더불어민주당,https://watch.peoplepower21.org/?mid=Member&member_seq=1171,이동주,"한국중소상인 자영업자총연합회 부회장,중소벤처기업부정책기획위원",,,,더불어민주당,산업통상자원중소벤처기업위원회,비례대표,남,제21대,초선,비례대표,2100000000188
이수진+더불어민주당,https://watch.peoplepower21.org/?mid=Member&member_seq=1053,이수진,"수원지방법원 부장판사,대법원 재판연구관",https://blog.naver.com/sujinleehope,,https://www.facebook.com/leesujin.hope,더불어민주당,환경노동위원회,비례대표,여,제21대,초선,비례대표,2100000000197
이영+국민의힘,https://watch.peoplepower21.org/?mid=Member&member_seq=1162,이영,"(사)한국여성벤처협회 회장,한국저작권보호원 이사",http://blog.naver.com/futurekorea20,,,국민의힘,행정안전위원회,비례대표,여,제21대,초선,비례대표,2100000000200
이은주+정의당,https://watch.peoplepower21.org/?mid=Member&member_seq=1189,이은주,"정의당 시민을위한공공기관특별위원장,서울지하철노조 정책실장",,,https://www.facebook.com/profile.php?id=100044132889054,정의당,행정안전위원회,비례대표,여,제21대,초선,비례대표,2100000000208
이종성+국민의힘,https://watch.peoplepower21.org/?mid=Member&member_seq=1153,이종성,"사)한국지체장애인협회 사무총장,한국장애인고용공단 비상임이사",,,https://www.facebook.com/jongseong.i,국민의힘,보건복지위원회,비례대표,남,제21대,초선,비례대표,2100000000214
이태규+국민의당,https://watch.peoplepower21.org/?mid=Member&member_seq=955,이태규,"국민의당 최고위원,제20대 국회의원",http://ltk2016635.blog.me,,https://www.facebook.com/leetkgo,국민의당,외교통일위원회,비례대표,남,제21대,재선,비례대표,2100000000219
장혜영+정의당,https://watch.peoplepower21.org/?mid=Member&member_seq=1186,장혜영,"정의당 미래정치특별위원장,다큐멘터리 감독",,,https://www.facebook.com/serious.hyeyeong,정의당,기획재정위원회,비례대표,여,제21대,초선,비례대표,2100000000232
전용기+더불어민주당,https://watch.peoplepower21.org/?mid=Member&member_seq=1183,전용기,"더불어민주당 전국대학생위원장,UN해비타트한국위원회전문위원",,,https://www.facebook.com/jeun.younggi,더불어민주당,문화체육관광위원회,비례대표,남,제21대,초선,비례대표,2100000000234
전주혜+국민의힘,https://watch.peoplepower21.org/?mid=Member&member_seq=1164,전주혜,"서울중앙지방법원 부장판사,한국여성변호사회 부회장",https://blog.naver.com/jhjoy827,,,국민의힘,법제사법위원회,비례대표,여,제21대,초선,비례대표,2100000000236
정경희+국민의힘,https://watch.peoplepower21.org/?mid=Member&member_seq=1156,정경희,"국사편찬위원,영산대학교 교수",,,,국민의힘,교육위원회,비례대표,여,제21대,초선,비례대표,2100000000239
정운천+국민의힘,https://watch.peoplepower21.org/?mid=Member&member_seq=1014,정운천,"농림수산식품부 장관,미래한국당 최고위원",https://blog.naver.com/jeonjujeong,gbs2008,https://www.facebook.com/gbs2008,국민의힘,기획재정위원회,비례대표,남,제21대,재선,비례대표,2100000000242
정필모+더불어민주당,https://watch.peoplepower21.org/?mid=Member&member_seq=1175,정필모,"KBS 부사장,KBS 경제전망대 및 미디어인사이드 앵커",http://blog.naver.com/pmjung58,,,더불어민주당,과학기술정보방송통신위원회,비례대표,남,제21대,초선,비례대표,2100000000251
조명희+국민의힘,https://watch.peoplepower21.org/?mid=Member&member_seq=1158,조명희,"국가과학기술위원회 위원,경북대학교 항공위성시스템학과 교수",https://blog.naver.com/mhjo7312,,https://www.facebook.com/mhjo7312,국민의힘,국방위원회,비례대표,여,제21대,초선,비례대표,2100000000254
조수진+국민의힘,https://watch.peoplepower21.org/?mid=Member&member_seq=1154,조수진,"동아일보 논설위원,동아일보 부장",https://blog.naver.com/assembly2020,,https://www.facebook.com/chosujin2020,국민의힘,법제사법위원회,비례대표,여,제21대,초선,비례대표,2100000000255
조정훈+시대전환,https://watch.peoplepower21.org/?mid=Member&member_seq=1173,조정훈,"세계은행 우즈베키스탄 사무소 대표,대통령직속 북방경제협력위원회 위원",,,https://www.facebook.com/junghun.cho.988,시대전환,산업통상자원중소벤처기업위원회,비례대표,남,제21대,초선,비례대표,2100000000260
조태용+국민의힘,https://watch.peoplepower21.org/?mid=Member&member_seq=1155,조태용,"외교부 1차관,국가안보실 1차장",https://blog.naver.com/ty709ho,,https://www.facebook.com/tycho829,국민의힘,외교통일위원회,비례대표,남,제21대,초선,비례대표,2100000000261
지성호+국민의힘,https://watch.peoplepower21.org/?mid=Member&member_seq=1161,지성호,"NAUH(나우) 대표이사,2018 미국무부 초청 차세대지도자과정 IVLP 수료",,,,국민의힘,외교통일위원회,비례대표,남,제21대,초선,비례대표,2100000000265
최강욱+열린민주당,https://watch.peoplepower21.org/?mid=Member&member_seq=1191,최강욱,"대통령비서실 공직기강 비서관,방송문화진흥회 이사",,,https://www.facebook.com/choe420,열린민주당,법제사법위원회,비례대표,남,제21대,초선,비례대표,2100000000269
최승재+국민의힘,https://watch.peoplepower21.org/?mid=Member&member_seq=1163,최승재,"소상공인 연합회 회장,전국소상공인살리기운동본부 대표",https://blog.naver.com/joynet1234,,https://www.facebook.com/choisj2284,국민의힘,산업통상자원중소벤처기업위원회,비례대표,남,제21대,초선,비례대표,2100000000271
최연숙+국민의당,https://watch.peoplepower21.org/?mid=Member&member_seq=1190,최연숙,"(사)대한간호협회 대구광역시병원간호사회 회장,계명대학교 동산병원 간호부원장",https://blog.naver.com/cysook915,,,국민의당,보건복지위원회,비례대표,여,제21대,초선,비례대표,2100000000272
최혜영+더불어민주당,https://watch.peoplepower21.org/?mid=Member&member_seq=1178,최혜영,"강동대학교 사회복지행정과 교수,한국장애인식개선교육센터이사장",https://blog.naver.com/chy-647,,,더불어민주당,보건복지위원회,비례대표,여,제21대,초선,비례대표,2100000000277
한무경+국민의힘,https://watch.peoplepower21.org/?mid=Member&member_seq=1152,한무경,"한국여성경제인협회장,효림그룹 회장",,,,국민의힘,산업통상자원중소벤처기업위원회,비례대표,여,제21대,초선,비례대표,2100000000283
허은아+국민의힘,https://watch.peoplepower21.org/?mid=Member&member_seq=1167,허은아,"한국이미지전략연구소 소장,경일대학교 교수",https://blog.naver.com/eunaher21,yerago,https://www.facebook.com/hereuna,국민의힘,과학기술정보방송통신위원회,비례대표,여,제21대,초선,비례대표,2100000000288
